"build_time_min","deploy_time_min","commit_size_loc","num_bugs","test_coverage_pct","ticket_resolution_h","team","module","priority","deploy_status"
14.01,5.35,143,0,66.69,29.17,"Beta","api","critica","success"
35.79,19.79,144,2,54.81,6.18,"Beta","database","media","success"
19.29,14.48,168,0,59.34,19.48,"Alpha","api","baja","failed"
39.91,13.21,161,0,53.03,21.42,"Delta","core","media","failed"
42.41,5.19,154,0,50.89,149.31,"Delta","database","media","success"
3.48,2.19,157,0,62.63,15.38,"Gamma","auth","baja","success"
24.47,6.29,152,3,90.94,25.2,"Alpha","database","baja","success"
40.32,11.07,144,3,95.13,4.91,"Beta","auth","critica","success"
25.49,15.72,163,1,99.83,3.12,"Beta","core","media","success"
21.36,5.8,146,3,66.69,21.82,"Gamma","database","media","success"
43.12,6.68,157,1,81.22,113.72,"Gamma","core","baja","success"
21.22,18.98,148,2,42.15,26.95,"Alpha","core","media","success"
30.97,10.06,136,2,98.26,4.89,"Gamma","api","media","success"
26.41,19.47,156,0,52.45,21.84,"Gamma","database","media","failed"
5.98,17,160,1,97.51,78.89,"Beta","database","media","success"
40.64,19.6,151,2,81.46,71.4,"Beta","core","baja","success"
12.2,2.72,147,1,50.27,29.23,"Alpha","auth","baja","success"
3.33,6.62,139,1,48.79,15.68,"Gamma","database","media","failed"
15.76,18.92,145,0,86.61,17.89,"Delta","api","critica","success"
43.02,13.01,136,2,52.52,22.12,"Alpha","api","media","success"
40.19,19.6,134,2,69.51,20.98,"Gamma","auth","media","success"
31.64,19.45,166,1,96.26,92.7,"Beta","core","media","success"
29.36,14.75,151,2,40.81,23.43,"Alpha","core","baja","failed"
44.75,8.14,160,0,50.19,5.8,"Beta","database","alta","success"
30.02,13.44,132,2,40.65,16.54,"Gamma","ui","alta","success"
32.32,5.52,163,1,52.23,24.12,"Beta","auth","critica","success"
25.17,6.54,147,0,96.02,59.79,"Gamma","ui","media","success"
27.35,16.89,150,1,78.56,1.34,"Delta","auth","baja","success"
14.08,13.92,137,0,79.44,22.47,"Gamma","core","media","success"
7.9,15.61,158,0,89.78,61.23,"Alpha","ui","baja","success"
43.39,6.5,154,2,88.68,17.04,"Alpha","database","media","success"
40.75,13.01,157,2,64.34,60.49,"Gamma","auth","baja","success"
31.55,12.46,171,0,64.08,40.53,"Delta","core","baja","failed"
36.1,4.92,148,1,71.07,15.52,"Alpha","ui","media","success"
2.57,5.3,155,0,95.16,19.81,"Alpha","api","baja","success"
22.28,17.62,154,1,94.24,26.92,"Alpha","auth","baja","success"
34.49,15.8,150,2,57.27,16.97,"Delta","database","baja","success"
10.91,1,147,0,58.75,26.3,"Alpha","ui","media","success"
15.34,15.23,153,0,65.81,9.32,"Delta","core","media","success"
11.58,18.01,152,2,56.3,4,"Beta","auth","media","failed"
7.71,17.91,121,0,61.64,1.64,"Delta","auth","media","success"
19.53,2.83,156,1,77.98,20.37,"Alpha","core","baja","success"
19.5,19.54,155,1,96.73,5.5,"Gamma","ui","media","success"
17.54,18.25,142,2,95.03,54.51,"Beta","database","critica","success"
8.13,5.55,151,2,63.93,0.33,"Delta","auth","alta","failed"
7.54,17.83,149,1,51.7,94.11,"Beta","api","baja","success"
11.64,16.74,151,2,64.34,16.78,"Gamma","core","media","success"
21.77,9.07,135,1,94.13,79.5,"Alpha","core","baja","success"
13.07,2,172,2,80.86,14.93,"Beta","core","baja","failed"
38.82,17.39,135,1,65.13,24.76,"Delta","ui","critica","success"
3.49,6.81,153,1,50.51,2.71,"Gamma","core","media","success"
20.74,5.03,146,0,62.98,12.1,"Alpha","core","baja","success"
36.25,16.64,143,1,78.41,62.68,"Delta","api","media","success"
6.8,19.84,153,3,91.54,28.81,"Delta","ui","critica","success"
25.9,4.99,173,2,54.03,24.02,"Delta","api","media","success"
10.48,2.23,145,3,94.68,60.03,"Gamma","auth","alta","failed"
7.05,12.89,144,4,40.28,37.31,"Beta","core","baja","rolled_back"
34.27,17.2,147,0,50.36,27.95,"Gamma","core","baja","success"
40.43,4.09,153,2,64.61,21.87,"Beta","auth","baja","success"
17.79,10.36,173,1,53.07,6.39,"Delta","ui","alta","success"
30.43,7.43,157,2,76.31,41.9,"Beta","database","alta","success"
5.63,16.58,140,1,63.41,1.78,"Delta","core","baja","failed"
18.2,9.93,129,1,98.35,16.68,"Beta","core","alta","success"
13.44,5.02,162,1,49.76,29.96,"Gamma","database","media","success"
36.94,5.77,154,2,74.69,10.15,"Alpha","ui","critica","success"
21.01,16.55,158,1,48.45,5.71,"Delta","auth","baja","failed"
36.74,1,160,3,47.72,14.28,"Beta","database","baja","success"
36.84,8.42,157,1,82.55,18.95,"Beta","api","media","failed"
36.05,12.12,147,1,58.75,17,"Delta","api","baja","success"
20.63,10.81,146,1,76.23,76.21,"Alpha","core","media","success"
34.32,13.81,144,0,55.93,20.59,"Gamma","api","baja","success"
28.87,10.4,143,1,71.22,19.22,"Gamma","core","media","success"
32.39,11.31,130,1,65.22,2.04,"Alpha","database","media","success"
1.53,16.9,137,2,71.21,33.91,"Gamma","api","alta","success"
22.18,6.59,149,2,55.9,40.04,"Delta","auth","media","success"
11.08,1.2,171,2,94.15,62.07,"Alpha","core","media","success"
18.02,16.41,147,3,68.39,29.74,"Beta","auth","media","success"
28.16,15.68,141,0,71.34,9.24,"Alpha","database","baja","success"
16.8,17.26,159,0,51.89,44.26,"Beta","api","alta","rolled_back"
6.33,1.78,155,3,85.96,4.37,"Gamma","ui","media","success"
12.1,0.67,147,2,51.53,79.25,"Beta","core","baja","success"
30.56,12.04,143,1,73.75,56.57,"Delta","ui","baja","success"
19.67,17.46,152,1,44.78,81,"Delta","ui","media","success"
35.79,9.2,158,2,58.91,31.57,"Delta","database","media","success"
5.97,1.23,159,3,78.5,29.82,"Beta","auth","media","success"
20.42,8.5,149,0,78.44,36.31,"Gamma","auth","media","success"
44.35,7.62,145,2,84.5,23.45,"Delta","core","baja","success"
40.35,9.79,133,1,93.92,8.06,"Delta","database","baja","success"
40.06,3.11,145,2,89,106.56,"Delta","core","baja","success"
9.11,9.85,142,1,55.69,21.57,"Gamma","auth","baja","rolled_back"
7.19,5.65,154,0,46.44,49.66,"Gamma","auth","alta","success"
29.91,10.05,136,1,84.64,10.06,"Alpha","auth","critica","rolled_back"
16.44,18.17,153,2,54.17,2.4,"Gamma","ui","media","success"
30.07,10.27,154,2,50.37,5.27,"Alpha","core","alta","success"
15.44,14.22,149,1,89.28,11.31,"Delta","auth","media","success"
9.66,1.63,137,2,54.8,1.49,"Beta","auth","media","success"
35.53,13.94,131,1,95.26,22.22,"Beta","database","baja","rolled_back"
5.57,16.08,132,0,75.43,21.45,"Gamma","ui","media","failed"
21.8,0.87,151,1,97.11,6.43,"Beta","ui","media","failed"
23.75,1.22,148,2,81.44,46.4,"Gamma","core","baja","success"
27.6,11.77,154,1,47.62,61.36,"Beta","core","baja","success"
15.98,15.91,140,1,98.2,49.83,"Beta","core","baja","success"
22.75,14.84,157,1,44.89,15.47,"Gamma","database","critica","success"
43.02,5.74,152,1,60.64,49.65,"Gamma","database","baja","success"
22.51,16.2,141,0,89.42,10.19,"Gamma","core","media","success"
40.23,8.79,155,0,45.81,27.2,"Gamma","ui","alta","success"
41.28,3.72,139,1,78.69,60.27,"Gamma","auth","baja","success"
27.98,12.28,155,1,84.04,32.25,"Alpha","database","critica","success"
19.37,16.6,137,3,78.77,8.23,"Gamma","database","media","success"
7.9,15.73,151,1,44.56,18.65,"Beta","core","media","success"
42.19,2.09,157,3,86.44,26.76,"Gamma","ui","baja","success"
14.6,1.88,172,1,62.49,20.63,"Beta","api","media","success"
4.14,19.2,139,1,63.98,2.53,"Beta","api","media","success"
42.73,2.26,161,2,83.54,20.1,"Beta","auth","alta","success"
32.85,4.64,172,2,51.88,15.62,"Beta","ui","alta","failed"
7.69,9.06,177,1,54.27,27.55,"Gamma","auth","baja","success"
25.39,15.67,133,2,72.64,27.07,"Delta","database","baja","success"
43,17.1,145,3,91.78,23.04,"Alpha","ui","baja","success"
26.97,12.68,156,1,57.9,11.98,"Beta","core","media","success"
19.1,8.07,149,1,42.92,70.47,"Alpha","database","media","success"
29.68,3.3,165,2,43.73,9.26,"Alpha","core","alta","failed"
15.41,17.69,142,1,40.18,21.24,"Beta","core","alta","success"
14.89,17.54,144,0,93.91,61.7,"Gamma","auth","media","success"
11.06,7.1,160,0,97.73,41.61,"Gamma","api","media","success"
17.57,10.51,171,1,52.24,6.79,"Gamma","core","media","rolled_back"
44.31,10.13,149,2,85.81,1.4,"Alpha","ui","baja","rolled_back"
8.21,15.97,141,1,50.37,13.53,"Beta","auth","alta","success"
5.46,18.41,144,2,97.76,2.95,"Alpha","database","media","success"
7.67,11.93,162,0,58.71,7.65,"Beta","ui","baja","success"
31.52,16.56,136,1,79.49,61.68,"Delta","core","media","success"
28.44,16.25,150,0,74.48,39.31,"Delta","ui","critica","success"
40.28,5.99,166,0,69.91,4.2,"Delta","ui","media","success"
30.78,10.42,144,0,98.06,21.05,"Delta","auth","alta","success"
33.56,6.26,161,0,78.32,27.15,"Gamma","database","alta","success"
24.17,17.42,166,0,51.67,3.23,"Beta","auth","baja","success"
30.2,14.41,122,1,54.88,6.32,"Beta","core","baja","success"
37.25,7.57,152,1,43.37,52.63,"Gamma","database","baja","failed"
35.7,19.94,144,0,94.9,26.19,"Delta","ui","baja","success"
44.12,14.17,151,2,67.1,12.53,"Alpha","core","media","failed"
20.62,5.13,145,0,58.75,64.46,"Beta","core","media","success"
15.06,13.13,150,1,68.6,9.94,"Beta","api","media","success"
19.31,7.21,166,2,62.25,21.99,"Gamma","core","media","success"
1.96,16.11,161,1,77.62,59.35,"Delta","core","critica","success"
9.5,6.84,142,2,52.25,23.11,"Delta","auth","baja","success"
38.16,5.71,149,2,72.99,5.61,"Beta","database","critica","success"
11.56,1.86,151,4,79.12,21.38,"Alpha","auth","alta","success"
11.9,11.63,149,2,83.72,36.1,"Beta","api","baja","success"
4.84,0.58,136,2,46.36,52.94,"Delta","api","baja","success"
12.19,5.98,148,3,72.04,4.36,"Gamma","api","media","success"
33.35,5.96,161,1,65.7,14.25,"Gamma","api","baja","success"
38.36,16.46,153,2,89.24,96.39,"Beta","auth","media","success"
23.14,2.79,133,0,40.58,23.82,"Gamma","database","media","success"
18.37,5.61,138,0,76.16,80.53,"Alpha","auth","baja","success"
12.22,9.07,163,2,75.92,4.14,"Delta","core","baja","success"
6.33,19.19,188,0,76.49,17.23,"Delta","core","baja","success"
18.46,6.69,151,0,82.34,101.02,"Gamma","api","media","success"
26.38,15.81,159,3,53.59,53.54,"Delta","auth","media","success"
10.93,3.06,174,3,91.33,2.87,"Beta","api","baja","failed"
20.85,10.14,138,1,40.57,24.83,"Alpha","core","baja","success"
10.98,10.74,138,4,54.05,0.38,"Gamma","auth","baja","success"
23.35,17.78,114,1,90.32,2.99,"Delta","database","media","success"
16.89,7.55,163,0,43.22,47.43,"Alpha","ui","baja","success"
29.77,9.59,162,2,89.69,7.92,"Alpha","api","alta","success"
17.8,9.08,149,0,97.18,0.62,"Beta","database","alta","rolled_back"
16.96,14.41,163,3,76.47,59.17,"Beta","database","baja","success"
24.72,1.5,146,2,42.43,10.88,"Alpha","database","baja","success"
33.7,14.18,155,1,76.84,63.57,"Gamma","auth","baja","rolled_back"
11.12,13.44,164,1,96.54,4.4,"Beta","auth","critica","success"
19.45,13.45,151,1,66.26,16.94,"Beta","ui","alta","success"
13.06,10.25,158,2,48.52,70.48,"Beta","auth","baja","success"
28.9,5.87,138,2,64.05,33.99,"Delta","core","baja","success"
9.5,7.78,139,2,81.43,15.79,"Beta","auth","media","success"
39.07,2.56,152,4,68.13,21.09,"Delta","ui","baja","success"
33.98,5.47,150,1,71.84,9.49,"Beta","auth","media","success"
30.57,1.4,155,3,54.6,15.79,"Delta","core","baja","success"
28.38,9.66,155,0,67.39,24.22,"Alpha","auth","baja","success"
17.69,6.82,160,2,87.37,26.47,"Beta","ui","media","success"
24.55,4.59,159,3,51.48,25.42,"Gamma","database","baja","success"
39.55,15.18,169,1,65.36,0.66,"Beta","api","critica","success"
26.81,5.26,158,0,55.33,4.52,"Alpha","api","media","success"
38.03,8.41,149,0,97.42,28.71,"Gamma","ui","media","rolled_back"
15.09,14.22,126,2,54.7,52.11,"Gamma","ui","critica","success"
32.31,2.73,155,1,45.82,8.05,"Beta","api","alta","success"
13.03,3.13,166,2,83.76,16.55,"Alpha","api","critica","success"
27.35,19.7,150,5,68.45,16.75,"Delta","core","media","success"
22.44,19.55,153,0,80.94,6.29,"Beta","auth","media","success"
13.03,15.29,132,2,62.74,65.76,"Beta","database","alta","success"
26.06,1.09,138,0,61.45,30.94,"Alpha","core","alta","success"
41.22,19.5,174,1,57.03,6.46,"Beta","auth","media","success"
40.73,15.33,145,0,75.99,17.56,"Gamma","database","media","success"
13.43,17.81,158,1,81.76,19.15,"Gamma","auth","critica","success"
15.48,4.83,156,3,80.25,34.72,"Alpha","auth","baja","success"
44.38,5.77,151,0,84.85,39.47,"Beta","core","media","success"
28.47,12.34,139,0,62.44,14.32,"Gamma","ui","critica","success"
42.27,7.13,155,3,57.54,28.47,"Alpha","auth","media","success"
21.79,15.26,142,1,60.71,29.58,"Delta","api","media","success"
19.2,1.96,159,1,51.79,11.74,"Gamma","database","alta","success"
30.18,17.87,160,1,94.8,13.68,"Gamma","database","media","success"
8.13,15.52,149,0,46.26,30.1,"Gamma","auth","critica","success"
26.42,17.71,152,0,40.83,72.04,"Alpha","database","media","success"
11.88,18.98,144,0,88.94,6.09,"Delta","database","alta","success"
43.36,6.82,149,3,75.33,26.42,"Gamma","auth","baja","rolled_back"
27.66,3.98,161,1,87.74,68.93,"Delta","api","media","success"
23.9,3.42,142,2,97.21,4.45,"Alpha","core","critica","success"
19.01,2.74,164,1,72.08,4.82,"Alpha","core","alta","success"
39.79,9.69,156,1,56.96,49.15,"Gamma","database","media","failed"
17.34,16.32,167,1,92.94,1.8,"Delta","api","baja","success"
14.04,17.4,149,0,53.25,35.57,"Alpha","auth","baja","success"
8.92,1.76,126,1,49.44,38.66,"Gamma","core","alta","failed"
8.99,14.77,141,3,85.61,9.82,"Beta","api","media","success"
22.47,19.47,161,0,83.23,14.38,"Delta","core","media","success"
12.5,6.57,157,2,91.66,19.02,"Delta","auth","alta","failed"
10.91,14.47,170,1,81.88,40.21,"Delta","core","media","success"
30.84,12.11,146,2,54.06,4.15,"Beta","core","baja","rolled_back"
3.57,1.34,168,0,80.08,1.15,"Gamma","ui","media","success"
31.99,9.26,142,2,91.45,45.36,"Delta","api","critica","success"
16.81,12.95,155,1,99.01,31.6,"Gamma","auth","baja","success"
19.29,16.11,139,1,49.02,0.26,"Alpha","auth","baja","success"
37.21,11.07,152,2,74.02,3.13,"Beta","api","alta","success"
41.47,17.7,159,2,56.55,18.06,"Gamma","database","media","success"
13.79,0.63,149,2,40.72,4.44,"Delta","database","media","success"
43.31,9.21,161,1,85.22,27.88,"Beta","core","baja","success"
33.19,9.92,156,5,62.13,40.27,"Gamma","ui","baja","success"
31.36,15.97,149,2,85.21,77.48,"Delta","ui","media","success"
3.8,5.93,148,0,46.74,122.52,"Alpha","ui","baja","success"
18.69,12.02,134,2,81.29,11.59,"Delta","auth","alta","success"
22.29,4.16,162,2,54.53,53.91,"Gamma","core","media","success"
25.87,16.24,178,2,49.93,17.15,"Gamma","api","baja","success"
31.87,12.09,149,1,72.24,15.69,"Beta","ui","critica","failed"
41.33,5.81,152,2,89.81,8.36,"Delta","database","baja","success"
28.4,16.15,160,1,53.6,3.53,"Gamma","database","media","success"
20.14,12.3,169,1,78.54,83.01,"Alpha","ui","alta","success"
25.08,19.18,152,1,77.96,1.61,"Alpha","database","baja","success"
4.04,3.98,149,2,97.15,13.34,"Gamma","core","alta","success"
12.85,0.58,151,1,40.72,9.7,"Alpha","core","media","success"
18.78,7.75,152,2,56.84,0.23,"Delta","ui","media","success"
10.1,15.54,154,1,94.47,10.03,"Gamma","api","media","success"
37.69,11.68,141,1,98.28,16.56,"Beta","auth","baja","success"
8.15,3.82,182,0,86.87,14.63,"Gamma","ui","baja","failed"
36.45,2.24,148,0,72.94,5.88,"Beta","core","media","rolled_back"
25.29,17.59,147,1,74.61,21.19,"Delta","database","critica","success"
30.31,3.34,159,0,98.97,6.06,"Alpha","database","critica","success"
8.97,12.89,149,1,74.62,60.25,"Alpha","api","baja","success"
29.04,9.2,138,0,51.21,40.19,"Gamma","api","baja","success"
15.07,18.55,145,1,64.76,21.8,"Alpha","database","baja","success"
33.02,12.43,136,2,55.03,6.17,"Gamma","auth","critica","success"
18.85,1.85,158,3,67.55,7.64,"Gamma","core","baja","failed"
43.67,10.58,129,1,73.51,56.29,"Delta","database","alta","success"
43.58,13.95,130,4,89.77,1.12,"Gamma","auth","critica","success"
33.11,9.96,170,1,60.09,16.23,"Delta","api","media","success"
12.69,12.51,138,5,82.67,7.51,"Alpha","auth","alta","success"
11.15,9.84,145,2,57.69,61.74,"Beta","api","baja","success"
27.3,17.13,149,2,60.49,17.1,"Beta","database","media","success"
13.14,5.72,159,1,95.81,38.65,"Beta","auth","alta","failed"
24.6,8.47,148,2,41.12,27.42,"Alpha","auth","media","success"
35.66,16.09,142,1,51.02,38.74,"Alpha","database","baja","success"
8.81,17.54,157,1,48.52,27.83,"Delta","ui","media","success"
19.09,11.01,149,1,97.59,28.34,"Delta","auth","baja","success"
22.01,6.9,151,1,90.14,13.79,"Delta","api","critica","success"
39.26,11.78,142,0,71.69,73.77,"Beta","ui","critica","success"
41.77,7.01,170,1,55.55,7.75,"Delta","ui","critica","failed"
39.87,3.59,135,5,68.55,19.12,"Gamma","auth","baja","success"
30.83,10.45,137,1,90.24,12.18,"Alpha","ui","media","success"
42.83,1.21,130,0,46.82,51.55,"Alpha","database","baja","success"
23.97,3.28,150,0,88.45,10.06,"Gamma","core","media","success"
26.58,3.85,143,1,72.18,17.77,"Beta","ui","baja","failed"
16.13,6.82,159,0,77.2,3.29,"Gamma","auth","baja","success"
16.61,7.39,141,0,52.56,12.08,"Gamma","auth","alta","success"
2.37,17.4,158,1,83.17,19.65,"Delta","api","media","rolled_back"
23.37,7.45,178,2,99.52,0.11,"Delta","auth","media","success"
39.39,19.04,133,1,88.23,0,"Alpha","database","baja","success"
1.77,9.91,134,2,57.16,8.89,"Gamma","ui","alta","success"
4.63,17.41,170,2,42.23,49.06,"Beta","api","critica","success"
8.64,6.69,137,1,77.52,23.23,"Beta","database","critica","success"
35.01,7.04,178,0,71.53,10.87,"Gamma","core","media","success"
33.48,3.65,156,1,72.35,26.51,"Delta","auth","baja","success"
43.78,12.69,148,0,50.06,5.61,"Delta","api","baja","failed"
21.79,4.08,143,0,81.79,22.09,"Beta","ui","media","success"
4.74,11.01,128,1,51.7,4.29,"Beta","database","alta","success"
29.72,4.33,136,3,48.13,41.15,"Beta","database","baja","failed"
34.5,2.53,158,1,87.82,16.6,"Alpha","core","alta","success"
7.46,6.94,165,0,43.32,5.49,"Gamma","core","media","success"
18.75,12.23,126,3,42.01,5.63,"Gamma","core","critica","success"
11.29,13.96,151,1,92.08,13.32,"Alpha","database","media","success"
4.02,4.5,156,2,85.11,9.91,"Beta","api","media","failed"
18.72,8.59,142,2,84.44,15.06,"Delta","ui","baja","failed"
4.32,3.32,154,2,58.85,4.24,"Delta","database","media","success"
11.33,4.55,148,0,97.55,1.23,"Gamma","auth","alta","failed"
3.88,15.44,145,4,81.63,3.58,"Gamma","ui","baja","success"
30.66,9.89,155,1,83.38,10.13,"Alpha","auth","media","success"
14.45,5.17,144,3,93.9,63.87,"Gamma","auth","baja","success"
5.88,16.03,154,0,89.39,12.48,"Delta","database","baja","success"
4.63,9.13,163,1,68.37,17.84,"Beta","core","baja","success"
39.8,3.81,150,1,96.98,21.61,"Alpha","auth","baja","success"
34.31,3.72,167,0,90.48,4.6,"Delta","auth","alta","failed"
37.02,19.39,137,0,88.08,80.91,"Delta","database","baja","success"
44.22,10.68,158,0,75.18,19.26,"Alpha","core","alta","success"
6.01,10.69,152,2,81.28,61.95,"Beta","ui","baja","failed"
5.81,13.93,157,1,89.85,41.38,"Alpha","api","baja","success"
36.25,15.87,158,1,50.51,36.55,"Delta","api","media","success"
35.63,14,140,2,92.47,4.05,"Alpha","ui","media","success"
1.91,17.65,156,1,73.45,9.71,"Beta","api","media","rolled_back"
35.39,3.25,142,1,87.78,11.95,"Delta","auth","baja","success"
33.23,5.67,161,3,83.91,0.58,"Beta","database","critica","success"
28.91,17.97,130,2,97.25,38.3,"Alpha","ui","baja","success"
22.42,7.4,155,0,80.46,20.04,"Beta","api","baja","success"
8.31,18.68,156,2,57.42,11.43,"Beta","auth","baja","rolled_back"
1.86,6.88,134,1,55.41,38.99,"Beta","core","baja","failed"
21.18,13.09,167,1,92.06,9.5,"Delta","auth","baja","success"
22.91,10.67,132,1,47.7,2.45,"Beta","ui","baja","success"
18.45,11.47,142,0,94,2.89,"Delta","auth","media","success"
21.71,10.23,149,2,85.44,34.26,"Alpha","auth","media","success"
32.53,10.85,151,2,59.41,18.25,"Delta","api","baja","success"
3.91,7.97,152,0,68.6,4.87,"Delta","auth","baja","success"
16.93,12.23,146,2,83.09,30.91,"Delta","ui","media","success"
36.42,5.63,146,1,73.04,10.27,"Beta","core","critica","success"
37.85,13.11,133,0,56.43,26.01,"Alpha","core","alta","success"
11.84,13.49,148,0,84.76,33.39,"Alpha","ui","baja","success"
16.9,11.31,155,2,51.17,24.29,"Beta","core","baja","success"
38.77,6.51,152,1,63.68,33.11,"Gamma","database","media","success"
38.64,15,143,3,51.06,7.69,"Beta","ui","media","success"
14.37,17.02,150,1,92.04,49.93,"Delta","database","critica","success"
7.9,7.69,130,1,99.16,150.96,"Beta","api","alta","success"
32.12,9.1,147,2,56.38,7.31,"Delta","auth","alta","success"
6.02,17.48,132,2,78.08,31.37,"Alpha","ui","baja","success"
2.97,8.47,136,0,65.97,8.56,"Alpha","database","media","success"
44.97,9.96,160,1,94.29,26.36,"Beta","core","baja","failed"
3.02,10.32,156,1,97.1,5.82,"Beta","api","media","success"
16.22,1.27,158,2,54.15,16.31,"Gamma","api","media","success"
41.31,8.21,167,1,76.3,12.72,"Gamma","ui","baja","success"
28.35,9.48,146,1,88.72,7.95,"Gamma","ui","baja","success"
13.95,11.36,156,1,70.27,1.59,"Beta","api","baja","success"
33.59,13.62,139,0,81.4,2.02,"Alpha","ui","alta","success"
37.78,13.8,134,0,53.66,9.8,"Delta","auth","baja","success"
15.17,17.87,159,2,93.17,39.25,"Gamma","api","alta","rolled_back"
22.93,13.49,169,3,46.48,44.71,"Delta","api","critica","success"
31.84,10.72,135,3,44.08,17.6,"Beta","database","baja","success"
29.4,6.57,145,3,75.58,6.24,"Gamma","core","media","success"
29.51,1.01,172,2,95.7,16.98,"Beta","database","media","failed"
44.04,3.04,143,1,75.19,60.96,"Delta","auth","baja","success"
19.54,10.29,153,1,45.38,15.6,"Delta","auth","baja","success"
6.69,10.46,163,1,95.99,17.8,"Alpha","api","alta","success"
24.38,2.75,136,1,91.66,13.43,"Gamma","auth","baja","success"
11.29,5.49,151,0,60.85,25.41,"Alpha","core","alta","success"
22.66,3.71,144,1,82.54,35.57,"Alpha","core","baja","success"
17.6,5.95,165,1,75.97,16.86,"Beta","api","baja","success"
44.28,3.47,142,2,49.87,10.44,"Alpha","ui","baja","success"
18.39,8.86,150,0,67.62,39.33,"Gamma","ui","baja","success"
11.47,4.64,152,0,40.48,3.63,"Delta","ui","critica","success"
28.61,2.02,161,2,94.82,11.08,"Gamma","auth","baja","success"
7.44,17.51,141,0,89.85,9.58,"Gamma","ui","media","success"
43.58,4.68,148,0,57.81,22.8,"Alpha","core","critica","success"
23.91,4.46,164,0,81.14,10.29,"Gamma","ui","critica","success"
8.59,6.67,146,0,79.35,28.12,"Delta","database","baja","success"
28.55,6.94,150,2,52,13.39,"Alpha","ui","baja","failed"
44.39,15.5,156,4,94.96,3.76,"Alpha","database","critica","rolled_back"
30.59,11.67,157,2,91.67,5.01,"Alpha","ui","baja","success"
19.72,3.66,133,1,86.85,3.61,"Gamma","api","alta","success"
15.57,16.36,149,2,88.58,40.4,"Beta","api","media","success"
37.83,18.48,177,1,86.83,25.2,"Beta","auth","media","success"
7.76,5.42,153,1,88.94,0.08,"Beta","ui","baja","success"
9.89,15.15,159,1,61.25,44.12,"Delta","api","alta","success"
40.51,4.48,137,2,92.98,86.81,"Alpha","auth","media","success"
14.9,16.67,133,1,81.25,8.72,"Alpha","auth","baja","success"
17.3,6.39,147,2,63.69,9.08,"Beta","database","media","failed"
35.6,15.45,178,2,48.36,7.16,"Alpha","core","baja","success"
9.91,2.85,140,1,75.04,2.76,"Gamma","auth","media","success"
2.27,16.97,177,1,81.38,20.11,"Alpha","api","alta","success"
19.19,16.51,144,0,55.1,0.32,"Beta","core","alta","success"
22.52,17.15,149,2,79.08,11.39,"Beta","core","baja","success"
19.85,0.78,158,3,46.67,27.33,"Beta","auth","media","success"
16.41,1.24,158,3,83.67,8.43,"Gamma","api","baja","success"
39.19,6.33,152,0,69.52,4.73,"Beta","ui","media","success"
21.3,6.87,164,3,89.23,8.71,"Beta","core","baja","success"
24.72,1.96,149,2,43.67,5.34,"Delta","api","baja","success"
43.43,14.31,155,1,88.61,23.8,"Gamma","database","critica","failed"
35.19,0.99,166,3,65.94,3.84,"Alpha","ui","media","success"
10.59,16.57,178,1,93.58,1.74,"Gamma","auth","critica","success"
14.93,10.47,143,0,89.83,70.08,"Alpha","core","media","success"
43.75,15.45,147,2,57.09,5.54,"Delta","auth","baja","success"
26.94,18.79,163,2,43.14,4.61,"Beta","database","critica","success"
34.6,11.07,151,0,59.29,4.7,"Beta","database","media","success"
17.71,19,139,2,71.26,29.33,"Beta","core","media","success"
34.96,6.68,177,0,83.47,0.13,"Beta","ui","alta","success"
24.89,6.09,136,1,69.72,36.05,"Delta","ui","alta","success"
41.26,19.38,163,1,88.29,3.31,"Delta","database","media","success"
9.56,5.24,124,2,53.05,53.22,"Delta","database","media","success"
13.78,16.09,150,3,47.68,22.17,"Gamma","api","media","success"
5.63,6.26,160,2,84.98,8.88,"Gamma","auth","media","failed"
10.66,14.09,148,1,67.06,11.06,"Gamma","core","media","rolled_back"
44,15.34,176,1,81.52,21.7,"Delta","ui","media","success"
14.39,5.84,128,1,46.12,21.75,"Gamma","auth","baja","success"
33.08,0.6,179,1,90.22,7.21,"Delta","core","media","success"
35.68,8.73,172,0,68.8,3.03,"Beta","core","critica","failed"
6.09,12.16,169,1,62.66,18.66,"Delta","core","media","success"
11.92,9.12,169,2,91.46,15.4,"Beta","api","media","success"
13.27,7.18,161,1,96.2,6.83,"Alpha","database","baja","success"
5.9,10.57,144,0,69.38,111.63,"Gamma","api","baja","success"
6.63,4.95,152,1,69.92,12,"Beta","api","baja","success"
44.62,6.14,132,2,48,11.7,"Beta","core","baja","success"
44.39,0.94,139,2,59.39,10.08,"Beta","core","baja","success"
7.46,10.8,146,0,43.17,11.13,"Alpha","database","baja","success"
40.88,8.66,156,0,65.43,2.59,"Gamma","database","baja","success"
26.57,19.51,153,0,98.63,31.64,"Delta","api","critica","success"
18.7,1.47,149,2,97.21,37.04,"Delta","auth","media","failed"
21.07,12.95,162,4,41.29,24.63,"Delta","core","media","success"
32.23,10.13,160,2,45.02,17.83,"Delta","ui","baja","success"
5.09,0.59,138,4,54.64,16.89,"Beta","ui","media","failed"
16.26,4.12,149,3,56.19,22.68,"Beta","ui","baja","success"
31.11,12.87,148,0,55.81,2.47,"Delta","auth","baja","success"
15.29,10.61,150,2,96.03,4.65,"Delta","database","alta","success"
37.67,17.89,134,2,64.05,45.4,"Gamma","core","alta","success"
10.86,13.71,157,5,60.63,0.28,"Beta","core","alta","success"
23.16,10.52,158,0,70.67,12.69,"Alpha","ui","alta","success"
13.51,6.49,159,0,42.15,10.39,"Beta","database","media","failed"
9.85,8.25,148,1,59.43,24.36,"Alpha","ui","critica","success"
42.85,3.49,136,0,70.78,28.71,"Delta","core","media","success"
15.5,7.91,148,2,86.66,10.2,"Delta","api","baja","success"
22.31,5.77,147,2,75.65,1.58,"Beta","core","baja","success"
2.72,18.93,131,1,94.62,4.94,"Gamma","core","baja","success"
25.31,5.42,146,1,47.93,6.16,"Beta","database","critica","success"
29.52,14.85,157,3,54.03,31.66,"Beta","database","media","failed"
27.44,1.82,178,1,69.57,0.63,"Delta","core","alta","success"
15.5,7.73,147,2,85.75,5.24,"Beta","database","baja","failed"
40.26,4.74,169,1,40.58,4.38,"Beta","core","media","success"
28.74,17.64,141,0,68.02,1.2,"Gamma","auth","baja","success"
14.68,8.75,140,0,81.45,34.56,"Gamma","ui","baja","success"
18.39,6.76,139,0,46.5,24.82,"Delta","core","critica","success"
8.48,8.55,144,3,89.22,22.55,"Gamma","api","baja","success"
39.02,3.55,150,0,44.02,14.72,"Beta","ui","media","success"
42.96,12.77,162,2,58.98,22.76,"Alpha","api","media","rolled_back"
26.02,15.5,149,2,49.47,19.21,"Gamma","database","alta","success"
15.84,18.09,150,2,53.04,31.41,"Beta","core","media","success"
44.85,12.4,155,0,50.79,7.7,"Beta","auth","baja","success"
11.71,12.8,169,0,84.08,9.88,"Delta","ui","baja","success"
28.15,13.41,140,0,97.79,18.79,"Beta","database","critica","success"
6.21,18.63,148,1,90.85,16.42,"Gamma","database","media","success"
22.69,19.85,150,1,52.27,75.72,"Beta","ui","media","success"
5.83,5.54,136,0,51.93,3.4,"Alpha","api","baja","success"
8.51,6.17,148,0,55.62,8.36,"Beta","core","critica","success"
13.81,18.28,158,2,84.33,87.83,"Delta","api","media","failed"
26.9,7.78,147,0,96.6,28.6,"Alpha","api","alta","success"
33.33,14.61,159,0,85.12,89.79,"Gamma","database","alta","rolled_back"
8.7,16.88,139,3,48.26,2.39,"Delta","ui","critica","success"
39.19,2.78,140,0,71.11,45.57,"Delta","database","baja","failed"
32.32,16.97,161,0,75.14,84.83,"Delta","auth","media","success"
34.58,13.3,145,1,52.16,3.72,"Beta","core","baja","success"
7.9,0.68,160,0,43.01,6.13,"Beta","api","baja","failed"
17.08,2.6,149,3,40.77,27.26,"Delta","auth","alta","success"
30.79,8.83,174,3,44.16,32.3,"Alpha","core","baja","success"
24.29,16.65,125,2,92.78,5.28,"Beta","api","media","success"
16.72,7.04,162,3,42.74,7.69,"Gamma","ui","baja","success"
11.96,6.25,156,1,48.89,14.06,"Delta","database","critica","success"
4.03,18.18,143,3,73.31,69.52,"Delta","api","baja","success"
11.79,8.43,152,0,94.14,15.69,"Gamma","ui","critica","success"
40.22,11.57,147,1,60.91,64.12,"Delta","ui","critica","success"
36.81,5.34,145,2,81.9,18.04,"Gamma","database","media","success"
34.02,3.12,154,3,72.73,13.14,"Beta","database","baja","success"
8.24,4.34,136,0,64.47,69.46,"Gamma","auth","baja","success"
6.93,10.84,153,1,73.6,27.43,"Delta","core","baja","success"
43.9,19.13,140,2,58.58,64.18,"Beta","api","baja","success"
20.47,8.69,145,1,84.76,4.65,"Alpha","auth","alta","rolled_back"
21.68,16.87,163,1,77.85,32.84,"Alpha","core","baja","success"
8.69,2.05,130,0,58.39,35.54,"Beta","core","media","success"
26.94,15.13,148,1,55.37,3.93,"Beta","database","media","success"
13.28,5.69,161,2,98.95,35.02,"Delta","database","media","success"
11.51,10.82,144,4,56.75,5.32,"Delta","auth","baja","success"
31.57,1.38,139,0,95.79,16.47,"Alpha","ui","critica","failed"
13.8,15.5,170,3,47.78,40.01,"Beta","database","baja","success"
36.75,18.26,140,0,57.25,97.96,"Alpha","api","alta","success"
5.59,15.05,141,0,45.91,2.31,"Gamma","auth","media","success"
37.26,2.4,155,0,56.7,0.08,"Alpha","ui","media","success"
20.09,18.94,141,2,93.01,23.47,"Gamma","database","media","success"
34.38,3.98,163,3,56.12,23.07,"Delta","auth","media","success"
30.31,16.15,155,4,70.56,0.82,"Delta","ui","media","success"
20.84,13.59,145,0,99.7,0.36,"Delta","api","media","success"
28.78,8.66,151,2,54,44.44,"Alpha","database","baja","success"
1.52,15.19,152,2,41.64,9.29,"Delta","auth","baja","success"
10.95,8.59,150,1,66.97,57.23,"Delta","ui","baja","success"
32.16,12.08,159,2,78.03,1.43,"Gamma","database","baja","success"
10.86,6.74,178,1,78.78,22.8,"Delta","auth","baja","success"
36.91,13.11,154,3,46.06,23.69,"Delta","auth","media","success"
14.89,7.48,171,1,72.97,3.58,"Delta","auth","baja","success"
31.42,17.5,162,4,48.91,12.63,"Delta","api","media","success"
42.07,8.43,147,0,69.27,12.59,"Alpha","auth","media","success"
6.54,9.39,153,0,87.54,27.91,"Gamma","api","baja","success"
7.06,17.84,153,0,84.34,42.34,"Alpha","auth","baja","success"
31,13.22,155,2,90.24,15.94,"Beta","core","baja","success"
20.16,0.69,164,0,54.28,3.19,"Gamma","core","media","success"
37.8,13.28,138,0,61.92,21.72,"Gamma","api","media","success"
43.76,5.21,144,1,68,29.57,"Beta","ui","media","success"
4.57,19.33,129,1,77.04,12.97,"Gamma","database","baja","failed"
21.5,9.22,154,1,78.28,5.51,"Beta","database","baja","success"
32.02,13.54,125,2,61.74,19.07,"Delta","auth","media","success"
5.28,2.44,157,0,70.08,29.41,"Alpha","api","media","success"
44.69,4.53,147,0,50.88,21.12,"Delta","ui","baja","failed"
12.51,18.97,155,1,77.27,25.67,"Gamma","auth","baja","success"
3.65,11.58,155,1,76.63,2.78,"Gamma","api","baja","success"
31.36,8.45,154,1,74.48,57.06,"Alpha","api","baja","failed"
35.73,11.81,166,3,49.01,25.79,"Alpha","database","baja","failed"
16.88,3.07,142,0,86.36,17.02,"Delta","core","media","success"
17.44,10.21,121,1,76.46,21.35,"Alpha","auth","media","success"
13.99,4.13,144,0,87.73,2.63,"Beta","database","media","success"
4.98,5.19,145,0,82.28,35.64,"Beta","ui","media","failed"
17.4,16.27,156,1,88.45,6.62,"Beta","auth","baja","success"
9.24,13.73,147,2,81.5,16.16,"Alpha","core","media","failed"
24.82,19.4,163,0,79.04,4.99,"Delta","api","baja","failed"
23.42,3.2,143,0,98.19,6.16,"Delta","core","critica","success"
42.61,9.29,157,2,88.72,40.73,"Gamma","database","alta","failed"
16.35,10.05,133,1,57.54,34.77,"Alpha","auth","baja","success"
21.72,11.08,156,1,47.72,19.06,"Alpha","database","media","failed"
5.09,9.4,167,2,74.95,32.94,"Delta","api","critica","rolled_back"
38.91,3.84,134,1,60.49,13.4,"Delta","ui","baja","success"
18.71,14.44,155,0,55.55,50.31,"Gamma","ui","baja","success"
33.51,18.17,139,2,41.74,5.4,"Beta","core","baja","rolled_back"
8.97,6.16,164,3,79.8,30.07,"Alpha","database","media","failed"
21.28,15.42,156,1,54.69,21.43,"Alpha","database","alta","success"
35,18.63,166,2,70.93,12.29,"Gamma","api","baja","success"
4.23,0.69,141,2,57.33,13.01,"Delta","auth","critica","success"
36.96,10.26,149,1,62.33,4.28,"Beta","auth","baja","success"
14.6,5.56,121,0,50.83,59.92,"Beta","auth","media","success"
17.36,9.51,154,2,98.38,52.37,"Gamma","database","alta","success"
15.08,8.45,152,0,99.69,68.09,"Beta","ui","baja","success"
3.13,16.79,157,3,46.01,44.71,"Gamma","core","baja","success"
24.07,3.11,168,1,40.72,3.03,"Alpha","auth","baja","success"
31.04,17.46,150,0,51.87,27.66,"Delta","core","baja","success"
40.79,8.15,164,2,88.59,41.65,"Delta","auth","critica","success"
2.61,12.59,121,2,48.85,18.93,"Delta","database","media","success"
44.52,3.01,155,2,51.16,23.63,"Beta","core","media","success"
14.68,17.69,163,0,98.93,0.17,"Gamma","core","baja","success"
42.35,12.99,140,1,51.92,1.57,"Gamma","core","alta","success"
31.41,10.48,144,1,76.74,3.89,"Gamma","ui","baja","success"
20.95,12.81,168,0,92.5,4.42,"Gamma","database","baja","success"
37.02,19.31,156,3,87.13,6.54,"Gamma","api","media","success"
3.22,15.93,154,0,79.84,21.86,"Delta","database","media","success"
33.65,19.01,154,2,89.05,53.63,"Beta","auth","baja","rolled_back"
16.67,13.4,136,2,77.64,3.91,"Beta","core","baja","success"
37.57,9.39,167,3,63.6,18.84,"Beta","api","baja","failed"
24.8,18.92,148,0,84.36,11.71,"Gamma","core","baja","success"
13.44,13.55,164,2,59.21,68.47,"Delta","ui","alta","success"
36.34,7.32,134,2,73.71,2.02,"Beta","api","baja","success"
5.49,7.26,126,2,80.16,30.06,"Alpha","api","media","success"
37.7,0.81,173,1,50.17,77.19,"Gamma","core","baja","success"
13.54,9.3,166,0,93.96,32.46,"Alpha","database","baja","success"
34.26,10.45,156,0,99.84,2.11,"Alpha","core","baja","success"
43.44,1.67,143,0,40.37,55.19,"Alpha","core","baja","success"
5.04,14.97,134,2,49.52,8.03,"Delta","database","media","success"
38.66,3.49,132,1,93.43,60.58,"Gamma","ui","media","rolled_back"
36.4,7.21,142,2,95.04,4.47,"Delta","ui","media","success"
18.26,7.92,147,0,59.06,14.09,"Delta","core","alta","success"
15.75,18.43,156,1,87.28,12.66,"Beta","auth","media","success"
10.41,12.92,155,1,57.35,85,"Gamma","api","baja","success"
26.27,17.33,131,1,43.44,17.7,"Delta","api","baja","rolled_back"
40.13,8.55,155,0,81,3.82,"Beta","ui","baja","success"
24.54,14.24,147,1,60.26,0.82,"Alpha","ui","baja","success"
27.03,4.35,163,2,85.31,29.59,"Gamma","database","alta","success"
30.46,10.79,155,6,42.82,5.69,"Beta","core","baja","rolled_back"
24.55,18.05,157,1,93.87,11.09,"Delta","database","alta","success"
23.68,6.17,139,2,83.04,17.02,"Delta","core","alta","success"
2.2,6.46,152,2,82.9,26.11,"Delta","database","alta","success"
3.58,8.88,168,2,94.42,5.07,"Delta","ui","critica","success"
41.93,17.79,149,0,93.71,32.11,"Beta","api","baja","success"
34.96,13.77,137,0,72.02,79.25,"Beta","api","alta","rolled_back"
10.25,9.04,149,1,76.45,1.81,"Beta","auth","media","failed"
29.79,16.75,159,1,41.86,0.22,"Alpha","core","media","success"
29.94,5.22,155,0,83.45,52.19,"Alpha","auth","baja","failed"
18.69,7.98,174,1,82.25,15.22,"Delta","ui","media","success"
36.84,2.85,160,2,79.9,2.53,"Alpha","core","critica","success"
25.3,5.05,149,2,61.46,23.91,"Beta","ui","media","success"
40,13.91,120,0,51.12,21.99,"Delta","ui","media","success"
25.57,19.87,146,1,44.93,58.79,"Gamma","database","media","success"
40.91,16.73,146,2,56.88,5.91,"Gamma","ui","alta","success"
27.05,14.11,155,2,89.41,17.5,"Beta","core","media","failed"
19.92,10.73,142,5,73.96,3.18,"Gamma","ui","media","success"
42.81,4.07,137,0,56.86,15.48,"Delta","auth","media","failed"
32.34,19.65,137,1,47.23,37.79,"Gamma","core","critica","success"
19.48,16.57,164,1,84.86,5.81,"Gamma","core","baja","success"
2.3,19.38,161,2,81.84,8.98,"Delta","auth","baja","success"
26.15,10.73,158,2,74.92,35.9,"Beta","database","critica","success"
22.82,15.01,141,3,82.7,11.84,"Beta","ui","baja","rolled_back"
39.72,16.02,158,0,80.69,7.87,"Alpha","auth","critica","success"
36.86,10.28,143,2,76.41,20.73,"Alpha","core","baja","rolled_back"
38.65,10.65,163,2,82.43,32.29,"Delta","api","alta","success"
17.5,14.24,147,3,83.91,4.26,"Delta","ui","media","success"
39.52,9.8,162,0,62.91,17.96,"Gamma","api","critica","success"
8.08,6.23,135,0,83.41,9.61,"Alpha","ui","baja","success"
13.76,10.95,156,4,55,5.45,"Beta","core","baja","success"
30.5,11.99,145,0,47.38,52.59,"Beta","api","alta","success"
44.02,13.37,143,3,53.15,17.97,"Alpha","ui","critica","success"
26.85,19.15,158,2,70.12,44.83,"Alpha","ui","baja","failed"
24.41,5.78,152,0,44.3,1.28,"Alpha","auth","alta","success"
4.14,5.66,137,1,85.79,1.03,"Beta","auth","media","success"
43.65,5.49,139,2,48.46,4.08,"Gamma","api","baja","success"
6.73,8.98,136,1,62.62,87.55,"Alpha","database","baja","success"
5.34,8.82,159,1,93.27,4.22,"Beta","auth","baja","success"
39.81,8.13,157,1,85.31,54.84,"Alpha","core","media","success"
23.61,11.58,160,4,44.61,53.71,"Beta","ui","baja","success"
16.18,7.77,168,0,78.54,22.62,"Beta","ui","baja","success"
40.4,7.82,162,1,79.76,17.44,"Gamma","database","media","success"
2.89,6.48,167,0,43.42,14.82,"Gamma","database","media","failed"
11.82,12.68,145,1,53.3,92.88,"Delta","core","media","success"
31.36,3.71,148,2,78.33,3.07,"Alpha","database","critica","success"
11.32,3.14,145,3,64.27,0.39,"Gamma","auth","baja","success"
15.35,2.1,170,2,86.09,31.45,"Delta","ui","baja","success"
9.07,1.99,175,3,78.27,2.36,"Beta","ui","critica","success"
36.36,13.96,153,1,94.08,21.46,"Gamma","core","baja","success"
7.86,19.43,159,1,47.28,3.32,"Gamma","database","baja","success"
37.29,15.95,136,3,53.07,2.91,"Beta","api","alta","success"
15.9,13.27,157,2,67.82,4.33,"Alpha","core","alta","success"
17.78,13.96,134,2,68.94,4.32,"Alpha","api","media","success"
28.89,7.24,148,2,99.11,0.51,"Beta","database","media","failed"
5.7,13.06,140,1,45.81,0.75,"Delta","core","baja","success"
2.46,8.1,131,2,98.04,2.19,"Gamma","database","alta","success"
44.7,2.92,162,0,80.9,16.23,"Alpha","auth","media","success"
26.9,15.78,148,1,41.2,7.69,"Gamma","api","critica","success"
35.51,17.43,170,2,76.72,24.62,"Beta","core","alta","success"
40.3,8.63,150,0,50,22.98,"Alpha","auth","media","success"
34.34,13.16,161,3,58.12,26.74,"Delta","api","baja","success"
44.1,11.74,141,1,65.84,23.85,"Alpha","core","baja","success"
3.42,17.93,159,1,49.7,7.45,"Alpha","core","alta","success"
40.8,8.21,149,2,48.45,4.57,"Alpha","auth","baja","failed"
39.15,8.23,159,1,62.04,5.88,"Delta","database","alta","success"
35.23,6.51,159,1,44.88,10.76,"Beta","auth","critica","success"
17.89,2.39,157,1,78.96,2.05,"Beta","api","baja","success"
3.33,14.67,139,1,81,9.03,"Gamma","core","alta","success"
17.35,17.85,159,1,40.37,51.7,"Delta","auth","baja","success"
13.41,11.35,175,1,64.52,7.61,"Delta","auth","baja","success"
38.5,3.07,153,0,89.99,37.08,"Beta","database","alta","success"
17.26,18.12,129,1,72.87,3.39,"Alpha","core","baja","failed"
14.74,8.23,153,0,77.11,15.85,"Beta","core","baja","success"
34.52,3.04,159,2,62.24,1.92,"Delta","core","baja","success"
38.25,18.04,161,3,65.96,49.61,"Delta","core","media","success"
21.42,9.2,133,4,84.61,10.66,"Beta","core","baja","success"
33.24,8.95,129,1,71.92,89.63,"Alpha","api","baja","success"
6.03,8.64,192,3,86.49,51.52,"Delta","core","baja","success"
11.07,6.63,134,1,99.71,4.48,"Gamma","core","media","failed"
43,3.25,160,1,44.3,27.47,"Gamma","ui","baja","success"
34.21,15.91,164,2,58.49,5.58,"Beta","core","media","success"
37.12,16.9,162,1,76.68,1.29,"Beta","ui","critica","success"
19.67,4.26,147,3,41.93,6.32,"Delta","core","baja","success"
27.33,9.42,145,1,59.9,2.61,"Beta","ui","media","success"
36.25,5.43,123,0,45.13,10.9,"Alpha","core","baja","success"
40.15,2.12,168,0,69.97,57.44,"Delta","ui","baja","failed"
18.26,15.5,151,1,70.05,26.62,"Delta","auth","media","success"
5.43,5.9,129,2,61.19,36.28,"Gamma","api","alta","success"
28.72,10.35,165,0,71.65,8.26,"Delta","auth","baja","success"
33.94,3.12,155,1,88.7,6.08,"Delta","auth","baja","success"
5.21,9.81,142,1,50.19,25.41,"Beta","ui","media","success"
14.57,17.09,141,2,67.45,14.04,"Gamma","auth","alta","success"
28.23,0.77,146,3,83.04,14.35,"Delta","api","media","success"
34.25,19.89,147,0,81.97,47.2,"Alpha","auth","media","success"
41.39,15.89,158,3,57.37,32.73,"Delta","database","media","success"
22.2,5.38,162,1,68.98,55.81,"Alpha","api","critica","rolled_back"
26.17,14.94,156,1,68.67,46.3,"Beta","database","media","success"
33.54,9.53,171,2,99.21,2.86,"Gamma","ui","media","success"
38.8,1.19,157,1,84.41,59.19,"Delta","auth","baja","failed"
41.05,12.4,153,0,46.26,24.2,"Beta","database","media","success"
3.95,8.31,160,0,75.46,37.3,"Gamma","api","baja","success"
23.38,19.93,148,0,63.01,10.02,"Gamma","auth","critica","success"
16.75,9.13,158,0,55.62,12.57,"Alpha","auth","media","success"
38.28,0.69,174,2,96.68,48.41,"Beta","api","baja","failed"
36.58,1,147,0,55.95,67.69,"Alpha","core","baja","rolled_back"
6.6,6.42,162,0,54.29,20.25,"Alpha","auth","baja","success"
32.5,2.92,145,1,97.13,2.44,"Delta","api","baja","success"
11.73,2.73,163,0,48.08,18.88,"Beta","api","baja","success"
4.76,9.31,155,0,57.56,4.75,"Delta","ui","alta","success"
42.2,8.49,146,0,75.81,35.79,"Delta","api","baja","success"
8.34,5.79,156,2,98.23,16.3,"Delta","ui","alta","rolled_back"
29.65,8.13,149,0,69.77,29.49,"Delta","api","media","success"
9.05,11.35,143,2,71.63,8.72,"Gamma","api","critica","success"
2.37,5.04,148,1,87.43,6.29,"Alpha","core","baja","success"
24.18,1.42,151,0,78.73,58.3,"Alpha","core","media","success"
5.25,19.35,172,2,55.86,7.43,"Alpha","api","critica","success"
13.81,3.62,124,1,87.91,11.81,"Delta","api","media","success"
19.79,12.23,166,2,65.64,10.91,"Delta","api","media","success"
27.05,18.8,126,2,71.32,9.04,"Gamma","ui","media","success"
36.59,19.84,144,4,45.04,20.88,"Alpha","api","media","failed"
10.29,12.03,145,0,62.29,12.01,"Gamma","ui","media","success"
21.48,16,142,0,59.57,42.02,"Beta","database","critica","success"
20.99,2.21,150,0,93.03,20.02,"Alpha","ui","baja","rolled_back"
33.42,2.51,137,3,89.01,4.47,"Alpha","api","media","success"
32.59,3.04,149,2,45.95,35.91,"Beta","api","baja","success"
37.66,4.9,156,1,95.53,31.21,"Beta","auth","baja","success"
40.07,7.04,149,3,97.39,3.66,"Delta","api","alta","success"
42.94,12.35,165,3,89.75,60.4,"Alpha","api","baja","success"
25.45,4.33,134,4,93.77,5.15,"Delta","auth","baja","failed"
24.22,5.99,147,0,41.08,19.36,"Beta","core","alta","success"
8.93,2.08,156,2,92.58,1.23,"Alpha","auth","baja","success"
22.35,12.95,148,0,94.23,1.65,"Alpha","ui","critica","success"
12.54,17.22,143,0,92.3,2.78,"Alpha","auth","baja","success"
3.23,15.48,167,3,97.77,37.11,"Alpha","database","baja","success"
29.11,12.28,162,0,99.94,2.37,"Alpha","database","baja","success"
24.97,13.43,167,1,82.31,2.07,"Beta","database","media","success"
7.59,15.06,159,1,54.26,3.43,"Beta","core","baja","success"
13.84,9.21,123,2,68.29,40.34,"Gamma","database","media","success"
26.86,4.54,135,2,96.87,0.5,"Delta","core","media","success"
8.68,5.57,134,0,49.88,2.87,"Beta","api","alta","success"
5.69,8.96,117,1,74.13,25.4,"Gamma","api","media","success"
20.14,2.42,154,0,56.51,18.88,"Alpha","database","baja","success"
16.98,1.15,135,1,51.6,17.53,"Delta","auth","media","success"
38.25,12.85,117,1,86.08,53.64,"Alpha","database","baja","failed"
12.82,10.99,161,0,57.21,14.44,"Alpha","auth","alta","success"
2.51,16.53,167,1,51.14,41.43,"Gamma","auth","baja","rolled_back"
39.01,13.4,140,2,42.95,40.89,"Beta","auth","media","success"
16.05,9.63,131,2,88.18,44.65,"Delta","ui","media","success"
28.98,17.24,154,2,91.56,33.36,"Beta","database","media","failed"
25.27,15.6,149,1,75.17,15.09,"Gamma","core","baja","success"
17.88,7.96,178,2,93.66,72.4,"Gamma","ui","media","rolled_back"
9.59,19.75,146,2,62.23,22.51,"Beta","api","media","success"
20.16,4.67,138,0,92.28,5.97,"Gamma","ui","baja","success"
28.94,19.48,152,0,81.93,2.4,"Alpha","auth","baja","rolled_back"
24.16,9.29,140,2,98.53,5.65,"Alpha","database","baja","success"
30.19,6.55,148,0,53.24,0.29,"Delta","database","media","success"
33.23,17.25,152,0,67.27,35.43,"Alpha","database","media","failed"
22.68,14.3,162,1,48.15,113.89,"Delta","api","media","failed"
18.22,11.36,151,2,88.1,89.4,"Delta","ui","baja","failed"
1.8,5.2,134,2,82.19,19.83,"Alpha","ui","critica","success"
1.66,10.73,160,3,70.51,19.91,"Delta","core","alta","failed"
44.78,15.22,149,1,68.02,9.22,"Alpha","core","media","success"
6.19,10.25,151,0,62.07,70.01,"Beta","api","baja","failed"
19.71,9.8,140,0,70.76,24.27,"Gamma","auth","alta","success"
32.73,10.32,139,2,58.93,6.09,"Delta","core","baja","rolled_back"
33.8,12.38,138,0,62.54,34.41,"Delta","auth","media","success"
39.43,10.12,143,1,46.65,13.52,"Delta","database","critica","success"
27.94,4.31,155,1,87.26,28.89,"Beta","database","baja","success"
34.39,10.49,132,1,79.88,0.66,"Gamma","api","baja","success"
38.35,17.78,157,0,90.25,3.32,"Beta","auth","critica","failed"
28.16,1.98,143,4,48.8,30.47,"Delta","core","media","success"
36.01,9.6,130,0,71.23,35.95,"Alpha","database","media","failed"
2.49,17.38,165,1,81.35,3.43,"Alpha","ui","media","success"
19.64,6.89,166,1,66.07,32.21,"Beta","core","media","success"
39.56,12.1,166,0,68.19,28.53,"Beta","core","alta","success"
29.66,9.65,157,3,64.97,0.55,"Beta","auth","critica","rolled_back"
41.71,15.31,123,1,92.52,21.99,"Gamma","database","alta","success"
8.99,10.84,154,1,86.32,21.56,"Delta","api","baja","success"
15.24,19.39,145,1,80.14,62.25,"Beta","auth","baja","success"
36.49,19.01,126,1,68.26,8.43,"Alpha","ui","baja","failed"
44.52,11.71,134,2,48.47,20.78,"Alpha","ui","media","success"
15.52,3.1,143,1,98.9,5.58,"Alpha","api","alta","success"
1.55,5.44,148,0,71.42,7.18,"Delta","ui","baja","success"
44.66,19.86,146,3,64.14,90.67,"Alpha","core","media","success"
7.95,8.45,132,0,41.55,35.4,"Alpha","ui","media","success"
3.65,4.78,150,0,95.63,54,"Gamma","core","critica","success"
27.48,7.29,156,2,45.5,10.71,"Delta","core","baja","success"
15.48,11.6,149,0,56.37,23.96,"Beta","ui","media","success"
24.46,1.09,139,1,88.73,4.94,"Gamma","database","media","failed"
36.1,0.89,154,0,65.08,3.14,"Delta","auth","baja","success"
4.5,7.04,151,5,94.1,25.3,"Beta","core","critica","success"
31.73,5.5,128,2,57.09,30,"Alpha","database","media","success"
42.77,0.94,154,1,61.13,14.27,"Gamma","core","media","rolled_back"
13.58,15.47,158,0,67.35,5.45,"Beta","ui","baja","success"
12.35,15.73,155,0,60.12,18.15,"Beta","core","critica","success"
8.44,14.02,165,0,97.01,3.13,"Alpha","api","media","success"
4.62,1.5,134,0,58.82,2.62,"Delta","core","baja","success"
25.75,13.36,169,0,49.04,32.87,"Alpha","ui","alta","success"
22.81,15.37,141,3,76.81,6.97,"Beta","api","baja","success"
23,6.75,135,3,42.73,7.11,"Alpha","core","baja","success"
40.14,8.38,159,0,97.57,19.41,"Alpha","database","baja","success"
3.1,1.14,156,2,76.89,48.74,"Delta","database","baja","success"
10.36,10.1,143,1,49.96,11.06,"Gamma","ui","media","success"
23.85,3.26,160,3,61.04,21.62,"Gamma","database","baja","success"
11.78,16.08,130,0,98.71,3.45,"Gamma","core","alta","success"
26.53,8.48,161,1,68.53,39.09,"Beta","ui","media","success"
22.48,18.76,132,3,90.47,7.39,"Beta","api","baja","success"
26.27,14.79,158,1,49.94,2.57,"Gamma","database","baja","success"
7.77,8.98,170,2,63.07,7.56,"Gamma","auth","critica","failed"
7.84,16.08,151,1,65.28,35.89,"Alpha","auth","baja","success"
19.43,7.64,141,1,43.02,40.24,"Beta","api","media","rolled_back"
31.21,7.93,162,1,47.98,3.72,"Delta","database","media","success"
29.92,13.63,175,3,78.27,43.16,"Alpha","api","media","success"
41.35,9.08,135,2,74.38,3.6,"Beta","core","baja","success"
36.87,14.4,153,0,93.6,25.54,"Beta","auth","baja","success"
30.9,8.99,138,2,97.65,86.14,"Beta","api","alta","success"
36.63,13.47,159,1,86.4,14.63,"Delta","core","critica","success"
7.07,10.7,137,4,50.7,15.47,"Delta","core","critica","success"
12.41,18.12,156,0,86.68,8.36,"Gamma","database","media","success"
15.92,18.79,158,1,40.59,0.58,"Delta","core","baja","success"
19.22,19.24,151,1,51.58,26.63,"Alpha","core","baja","success"
29.14,5.06,120,1,43.51,87.36,"Beta","ui","critica","rolled_back"
36.67,8.91,142,2,50,36.32,"Beta","auth","baja","success"
12.76,8.67,146,0,68.15,12.36,"Delta","core","alta","success"
37.15,3.61,149,1,94.37,4.3,"Delta","core","media","success"
2.17,10.86,160,1,75.42,28.45,"Gamma","api","baja","success"
29.97,18.7,151,0,75.41,0.64,"Delta","auth","alta","rolled_back"
36.81,2.26,155,4,57.66,88.3,"Beta","database","critica","success"
21.57,13.3,132,1,46.99,3.32,"Alpha","api","media","rolled_back"
10.35,3.98,171,2,41.68,17.85,"Alpha","core","media","success"
2.32,5.35,152,0,91.72,24.58,"Gamma","api","media","success"
13.82,11.8,152,0,85.23,37.77,"Beta","ui","media","success"
41.31,2.43,169,1,43.48,20.85,"Gamma","ui","baja","success"
42.12,13.47,146,0,95.28,13.41,"Beta","core","critica","failed"
25.1,12.6,128,1,87.63,6.34,"Beta","core","media","success"
11.04,17.52,160,0,74.15,27.01,"Gamma","api","baja","success"
22.79,4.38,133,2,42.33,11.19,"Delta","database","critica","success"
36.35,6.75,139,2,94.84,17.5,"Gamma","api","alta","success"
19.23,8.49,166,0,65.31,1.99,"Beta","core","media","success"
6.01,18.58,148,0,59.75,6.18,"Alpha","core","critica","failed"
13.7,1.35,120,1,44.34,2.24,"Beta","core","baja","success"
17.22,4.28,132,0,49.18,19.38,"Alpha","ui","media","success"
12.78,14.54,158,3,72.34,15.02,"Delta","core","baja","failed"
21.97,1.58,129,2,82.9,46.22,"Beta","database","alta","success"
17.41,19.63,151,2,63.13,76.06,"Gamma","api","media","success"
6.78,1,149,0,72.02,1.73,"Gamma","database","media","success"
3.54,10.43,144,2,44.37,33.5,"Delta","core","baja","failed"
12.93,17.37,160,2,67.77,61.46,"Alpha","api","media","success"
43.64,6.38,133,3,82.6,17.38,"Delta","auth","baja","success"
22.75,12.59,146,1,47.25,21.52,"Delta","auth","alta","success"
22.29,11.52,163,1,98.31,62.38,"Gamma","core","baja","success"
34.07,9.24,140,1,82.73,16.93,"Beta","database","baja","failed"
30.54,18.88,158,2,42.63,24.18,"Delta","ui","media","success"
3.65,8,178,3,74.5,15.97,"Beta","api","media","failed"
31.74,7.23,129,0,55.82,7.86,"Delta","auth","baja","rolled_back"
17.3,18.9,120,0,42.16,83.37,"Beta","auth","alta","success"
39.96,2.3,146,0,52.78,80.87,"Alpha","ui","media","failed"
35.23,17.76,160,0,82.22,6.56,"Beta","core","critica","success"
7.56,6.32,141,0,89.85,5.08,"Beta","database","alta","success"
14.33,3.58,179,2,62.89,22.38,"Delta","database","baja","success"
6.98,2.68,153,0,58.72,45.27,"Alpha","ui","media","failed"
27.16,2.1,162,3,77.54,11.27,"Gamma","ui","baja","success"
25.93,5.02,139,0,43.11,55.88,"Beta","database","critica","failed"
31.46,17.29,151,2,65.51,81.4,"Beta","core","critica","rolled_back"
15.04,8.56,169,2,57.59,38.64,"Alpha","database","media","success"
27.84,14.39,144,0,67.17,106.28,"Gamma","database","media","success"
44.61,18.63,156,0,44.66,3.94,"Gamma","database","baja","success"
33.83,6.44,144,0,56.93,72.44,"Gamma","ui","baja","success"
4.8,14.9,146,0,59.39,14.33,"Delta","ui","media","success"
21.13,13.26,130,3,50.62,8.47,"Alpha","auth","baja","success"
3.83,6.44,164,0,50.71,23.43,"Delta","ui","media","success"
16.27,0.92,141,2,41.58,16.07,"Delta","database","baja","success"
33.43,7.95,152,0,54.07,14.09,"Delta","database","alta","success"
1.68,5.43,124,1,41.04,8.41,"Gamma","auth","media","success"
35.08,10.89,174,0,61.7,34.36,"Beta","ui","media","success"
21.64,13.53,149,1,98.21,3.48,"Beta","ui","media","success"
32.86,6.19,149,2,52.52,0.18,"Beta","core","baja","success"
30.49,9.68,156,1,92.25,11.25,"Delta","auth","media","success"
26.39,7.9,135,1,46.63,25.65,"Delta","auth","media","failed"
32.12,2.45,151,0,68.57,11.61,"Delta","ui","baja","success"
30.09,3.97,135,0,63.94,2.21,"Alpha","api","baja","success"
14.09,16.98,154,2,97.3,6.03,"Gamma","core","baja","success"
5.73,9.72,147,3,56.76,8.43,"Gamma","core","baja","success"
43.37,17.61,146,3,69,45.99,"Beta","core","baja","success"
33.53,16.91,168,0,81.02,69.23,"Gamma","auth","baja","success"
28.15,3.89,143,0,67.2,67.55,"Beta","core","critica","success"
6.72,14.63,136,1,59.01,1.82,"Gamma","core","alta","success"
25.44,8.82,146,2,43.69,48.51,"Gamma","auth","alta","success"
12.93,11.91,169,1,76.82,30.23,"Delta","api","media","success"
40.58,15.47,134,2,62.85,65.65,"Gamma","database","critica","success"
1.9,18.55,163,0,61.21,9.54,"Alpha","database","baja","success"
11.78,16.22,140,0,49.63,32.96,"Beta","database","alta","success"
7.16,18.87,139,1,63.54,120.85,"Gamma","core","media","success"
15.69,6.32,141,3,95.28,39.98,"Delta","auth","media","failed"
33.1,0.53,151,1,89.08,0.64,"Delta","ui","media","success"
44.64,4.2,161,1,43.46,25.41,"Beta","database","media","success"
32.61,15,164,1,89.04,1.17,"Delta","api","alta","success"
23.44,12.88,157,1,72.05,54.81,"Delta","core","media","success"
20.47,10.36,156,2,94.11,1.17,"Beta","api","media","success"
42.77,1.04,148,0,55.93,4.79,"Delta","core","media","success"
6.73,1.69,142,1,51.76,19.02,"Gamma","api","critica","success"
4.77,3.84,162,2,68.04,0.49,"Gamma","database","critica","success"
40.17,19.89,134,0,61.97,2.08,"Delta","database","baja","success"
19.96,15.72,164,3,75.15,0.45,"Alpha","database","baja","success"
3.34,10.69,149,1,75.26,3.79,"Delta","auth","baja","success"
29.66,1.36,143,1,54.13,1.69,"Delta","database","media","success"
21.88,5.77,142,0,64.58,26.92,"Beta","api","media","success"
28.38,2.74,162,0,72.96,2.21,"Alpha","ui","media","success"
13.28,14.59,155,5,62.39,70.11,"Alpha","core","media","success"
8.34,8.39,162,1,55.13,20.05,"Alpha","api","baja","success"
6.47,17.77,157,0,79.56,18.42,"Alpha","api","baja","success"
23.58,7.94,148,0,90.72,4.39,"Beta","core","media","success"
25.34,8.84,148,0,93.21,6.8,"Delta","core","media","success"
7.62,1.27,144,0,53.91,2.37,"Alpha","ui","media","success"
8.88,9.27,142,3,95.25,45.17,"Beta","core","alta","success"
34.65,14.05,156,3,46.87,0.05,"Alpha","database","baja","success"
24.44,16.26,154,1,47.03,31.7,"Gamma","auth","baja","failed"
38.95,3.49,145,1,51.58,87.68,"Beta","core","critica","success"
30.8,11.27,165,0,93.87,47.7,"Gamma","api","baja","success"
2.07,9.03,164,1,98.96,14.94,"Gamma","ui","baja","success"
31.65,14.71,124,2,88.76,38.33,"Beta","core","baja","success"
40.29,8.73,149,0,70.6,4.54,"Gamma","api","baja","success"
28.99,9.27,154,0,93.5,29.92,"Gamma","auth","media","success"
6.17,15.26,160,1,96.42,47.68,"Alpha","ui","media","success"
41.57,5.31,151,1,78.34,33.86,"Alpha","api","baja","success"
30.88,9.74,139,1,55.25,3.3,"Delta","auth","alta","success"
7.96,4.94,152,2,40.63,17.92,"Alpha","ui","media","success"
33.92,9.21,172,0,44.53,11.74,"Alpha","auth","baja","success"
42.5,18.12,122,0,44.22,0.41,"Gamma","ui","critica","success"
19.8,19.04,137,2,57.51,15.51,"Gamma","ui","media","success"
14.45,11.93,163,0,89.96,12.24,"Beta","database","critica","success"
12.79,13.08,163,0,75.73,15.85,"Gamma","auth","baja","success"
11.2,18.89,145,1,59.19,11.57,"Beta","core","baja","success"
26.11,14.8,168,1,42.61,55.85,"Alpha","database","media","success"
34.41,19.03,154,0,93.76,73.78,"Delta","ui","media","success"
30.63,13.81,167,0,55.42,11.72,"Delta","auth","baja","success"
25.27,5.54,140,1,69.56,54.51,"Beta","ui","critica","success"
36.8,14.47,152,3,55.38,37.66,"Gamma","core","media","success"
34.52,10.05,124,0,47.08,3.02,"Alpha","database","baja","success"
2.37,18.23,123,1,80.15,43.91,"Alpha","auth","media","failed"
18.07,18.72,160,0,68.55,8.95,"Beta","auth","baja","success"
3.71,9.81,139,0,62.03,23.15,"Gamma","ui","media","success"
36.21,9.08,151,4,52.65,23.93,"Delta","auth","media","success"
41.68,12.12,158,1,95.42,4.14,"Beta","ui","baja","failed"
25.1,14.28,159,2,75.33,19.15,"Delta","api","media","success"
38.58,19.52,145,2,42.59,50.13,"Delta","api","alta","success"
26.88,9.58,116,1,45.78,72.9,"Delta","api","baja","success"
30.57,6.31,153,1,92.15,4.38,"Alpha","core","critica","failed"
23.74,16.62,151,0,81.73,23.85,"Delta","auth","critica","success"
34.68,18.08,159,1,74.35,18.85,"Gamma","ui","media","success"
40.8,12.47,139,2,68.79,31.8,"Gamma","api","media","success"
37.19,5.8,155,1,61.8,40.33,"Delta","auth","media","success"
4.61,8.94,142,0,89.51,12.6,"Beta","api","media","failed"
1.67,19.15,149,1,74.88,13.42,"Gamma","ui","alta","success"
3.77,10.43,131,1,99.2,41.21,"Beta","auth","media","success"
39.2,5.43,149,2,92.21,5.69,"Alpha","auth","media","success"
26.57,8.5,139,0,63.19,49.78,"Gamma","database","baja","success"
15.15,4.55,134,1,69.22,3.22,"Alpha","database","alta","success"
43.24,10.32,156,0,87.35,12.3,"Gamma","auth","media","success"
27.22,17.07,138,0,82.63,94.05,"Gamma","api","baja","success"
24.62,0.93,154,2,81.6,24.29,"Gamma","ui","media","success"
18.2,16.74,150,3,40.12,53.18,"Gamma","ui","alta","success"
15.4,5.48,143,0,41.32,10.79,"Alpha","api","critica","success"
36.66,14.33,144,0,88.92,54.32,"Delta","auth","alta","failed"
3.32,13.44,160,3,44.14,41.34,"Beta","api","media","success"
17.32,12.35,155,2,94.99,51.09,"Gamma","core","alta","failed"
38.76,12.54,146,1,57.41,59.24,"Gamma","auth","media","failed"
31.86,12.11,144,2,42.62,23.34,"Alpha","core","media","success"
31.28,13.7,114,1,62.11,55,"Beta","ui","media","success"
16.64,19.61,162,0,73.26,8.01,"Gamma","api","media","success"
25.63,16.83,168,0,79.52,3.7,"Gamma","api","baja","success"
7.47,1.98,144,3,43.31,63.61,"Delta","core","baja","failed"
35.64,10.8,175,1,72.21,11.91,"Gamma","database","critica","success"
40.08,3.66,138,1,88.33,4.97,"Alpha","api","baja","success"
10.38,8.92,147,1,68.66,41.17,"Gamma","ui","baja","failed"
35.02,2.46,158,0,61.71,2.07,"Delta","database","media","success"
27.44,2.56,133,2,84.65,6.25,"Beta","database","baja","success"
43.16,16.72,162,1,76.4,20.96,"Gamma","database","alta","success"
8.4,19.1,169,0,85.88,8.33,"Gamma","database","baja","success"
24.38,8.36,175,0,57.75,26.41,"Delta","auth","critica","success"
39.48,7.69,147,3,57.43,15.86,"Gamma","core","baja","success"
39.33,9.24,176,3,73.7,32.21,"Alpha","api","alta","success"
2.53,8.96,170,1,49.41,51.32,"Gamma","database","baja","rolled_back"
43.95,19.27,166,1,96.54,4.38,"Delta","ui","baja","success"
22.82,14.96,161,0,61.81,6.25,"Beta","ui","media","success"
18.43,5.99,145,1,86.8,37.64,"Beta","core","critica","failed"
19.66,10.07,148,1,55.4,0.52,"Alpha","core","critica","failed"
5.54,19.58,141,2,43.22,6.89,"Beta","core","baja","success"
8.54,11.57,144,1,50.18,0.4,"Beta","ui","baja","success"
19.14,2.05,142,1,69.29,38.81,"Alpha","auth","alta","success"
16.37,1.66,162,1,66.25,25.88,"Beta","ui","media","success"
19.56,18.17,156,0,83.99,34.97,"Delta","auth","baja","success"
14.73,16.57,136,0,63.2,39.21,"Delta","core","media","success"
25.87,12.72,157,2,98.22,7.96,"Beta","auth","baja","success"
8.28,4.67,164,2,75.59,5.53,"Gamma","database","baja","success"
43.11,7.3,121,0,49.21,21.07,"Delta","ui","critica","success"
3.41,3.26,141,0,79.56,11.11,"Gamma","auth","baja","success"
17.69,8.91,157,0,90,37.21,"Delta","database","alta","success"
43.37,15.58,150,1,97.7,27.18,"Delta","core","alta","success"
29.58,18.24,136,0,68.9,52.48,"Alpha","core","baja","success"
4.16,16.62,168,2,98.34,2.38,"Beta","auth","baja","success"
19.33,19.14,143,1,98.46,7.54,"Gamma","ui","media","success"
20.03,7.84,128,1,87.57,0.98,"Alpha","api","baja","success"
23.6,1.41,160,0,72.93,116.13,"Gamma","database","media","success"
21.06,6.15,161,1,92.53,14.3,"Delta","ui","baja","success"
28.61,19.99,132,1,69.34,28.81,"Delta","database","baja","success"
7.59,9.25,147,0,52.4,27.55,"Alpha","core","alta","failed"
41,19.9,171,3,72.75,25.93,"Alpha","api","baja","success"
26.27,14.3,140,0,41.62,37.95,"Beta","database","baja","success"
25.35,6.34,156,4,97.06,4.3,"Alpha","api","baja","success"
6.58,18.21,154,2,94.47,7.88,"Delta","auth","baja","success"
34.65,9.75,165,0,44.81,8.62,"Gamma","auth","baja","success"
22.31,16.4,152,2,53.64,30.37,"Gamma","database","media","success"
35.52,5.44,156,1,57.54,10.69,"Delta","auth","media","success"
3.5,19.18,162,0,67.15,18.78,"Gamma","ui","media","rolled_back"
37.16,9.53,147,1,78.23,48.53,"Gamma","core","critica","success"
13.22,3.04,150,0,51.29,11.51,"Alpha","database","critica","success"
13.8,15.52,147,1,49.03,32.49,"Alpha","api","media","success"
29.48,3.27,150,0,82.98,11.65,"Delta","api","media","success"
42.74,11.05,156,1,84.33,2.34,"Delta","ui","baja","success"
1.8,13.32,137,0,62.18,34.43,"Delta","database","baja","failed"
16.8,11.73,165,2,93.6,7.58,"Alpha","ui","baja","success"
19.73,10.35,176,1,70.67,30.74,"Beta","api","baja","success"
21.42,18.64,145,1,88.59,52.63,"Delta","ui","critica","success"
32.46,4.92,142,1,64.22,0.38,"Gamma","auth","baja","success"
41.51,0.77,135,0,81.69,24.69,"Alpha","ui","critica","success"
28.78,5.92,138,1,45.65,5.46,"Gamma","auth","baja","rolled_back"
40.74,6.58,160,1,60.61,8.37,"Beta","api","critica","success"
34.44,18.06,155,1,55.93,0.98,"Beta","auth","media","success"
7.5,11.37,152,2,79.08,2.29,"Delta","ui","media","success"
8.17,3.13,155,2,99.63,19.18,"Alpha","auth","baja","success"
9.82,4.73,151,0,45.36,26.69,"Gamma","ui","alta","success"
20.34,2.15,144,5,75.78,3.9,"Beta","auth","baja","failed"
5.29,17.19,150,2,97.04,36.5,"Gamma","api","baja","success"
11.23,1.64,145,0,55.4,35.27,"Gamma","api","media","success"
26.39,6.9,153,0,62.25,18.43,"Delta","database","alta","success"
18.91,10.25,152,0,63.5,1.1,"Gamma","ui","media","success"
26.1,7.01,166,0,74.52,5.72,"Beta","database","baja","success"
37.59,17.6,134,1,74.82,12,"Alpha","api","critica","success"
29.43,17.71,169,0,68.52,36.12,"Alpha","ui","media","success"
18.53,18.07,152,3,76.77,40.15,"Delta","ui","critica","success"
32.37,16.06,152,3,77.16,1.92,"Alpha","database","media","success"
6.23,18.08,134,0,86.6,6.48,"Gamma","ui","baja","success"
13.4,9.09,128,2,57.14,1.85,"Alpha","core","media","success"
27.33,8.25,158,1,45.92,24.04,"Alpha","auth","media","success"
8.47,7.75,135,1,84.62,21.37,"Gamma","core","media","success"
38.62,10.81,129,3,89.68,5.14,"Beta","core","media","success"
38.38,1.94,172,2,65.5,12.9,"Beta","ui","baja","success"
22.29,14.48,155,2,63.34,81.5,"Gamma","api","media","failed"
35.16,5.23,155,0,98.19,0.34,"Alpha","database","media","success"
14.35,16.97,174,1,67.04,5.27,"Beta","core","alta","success"
4.35,19.91,164,3,43.68,154.34,"Beta","api","media","success"
20.66,2.55,155,1,64.96,0.24,"Beta","core","media","success"
21.6,9.96,140,0,53.09,1.64,"Alpha","ui","alta","success"
16.33,13.83,144,2,59.62,22.41,"Beta","database","critica","failed"
9.55,16.48,143,0,83.86,9.73,"Beta","auth","media","success"
23.55,15.43,146,1,81.4,11.38,"Delta","ui","media","success"
2.33,8.82,129,1,99,43.97,"Delta","api","media","success"
35.16,18.75,134,3,65.23,24.34,"Alpha","api","baja","success"
25.85,14.72,154,0,92.89,45.94,"Gamma","api","media","rolled_back"
29.4,7.08,131,0,90.12,39.02,"Beta","api","baja","success"
21.88,9.84,159,1,87.54,3.18,"Beta","ui","baja","success"
13.65,19.33,141,0,59.08,53.37,"Gamma","ui","critica","success"
21.56,18.32,135,2,95.45,47.6,"Gamma","database","baja","success"
35.98,4.95,157,2,73.14,3.95,"Alpha","ui","baja","success"
26.97,6.49,162,1,68.09,7.51,"Gamma","auth","media","success"
18.67,7.26,151,1,70.35,14.39,"Alpha","ui","alta","success"
36.79,1.35,160,1,65.16,19,"Delta","database","baja","success"
15.36,19.29,143,3,78.27,25.31,"Alpha","database","baja","success"
26.79,16.4,138,4,70.07,3.47,"Beta","auth","media","success"
21.31,13.66,157,0,76.22,3.63,"Beta","core","alta","success"
13.19,8.42,131,2,76.56,41.61,"Gamma","database","baja","success"
25.65,5.69,144,1,84.51,46.78,"Alpha","database","baja","success"
11.56,18.6,147,0,74.05,51.76,"Alpha","auth","media","failed"
25.13,7.65,133,1,84.5,2.84,"Gamma","database","alta","success"
20.97,11.22,159,0,49.04,16.53,"Gamma","ui","critica","rolled_back"
7.17,10.66,147,1,64.49,6.22,"Gamma","api","critica","rolled_back"
28.55,18.58,138,3,96.35,7.92,"Alpha","auth","media","success"
25.34,10.28,155,2,40.23,53.94,"Beta","ui","media","success"
7.99,12.92,154,1,53.46,0.46,"Delta","database","alta","success"
25.84,5.08,162,0,77.36,23.82,"Gamma","api","alta","failed"
20.07,7.59,141,2,69.94,1.59,"Gamma","ui","baja","success"
20.98,17.92,152,1,88.12,33.28,"Gamma","auth","media","success"
37.75,15.44,133,2,42.44,9.07,"Gamma","auth","media","success"
32.8,16.01,141,2,90.71,16.44,"Alpha","auth","baja","success"
21.37,6.8,153,3,72.49,15.72,"Delta","core","media","success"
24.17,2.3,152,2,78.75,38.74,"Beta","api","baja","success"
12.05,19.1,167,1,60.7,13.72,"Alpha","database","media","failed"
4.8,9.28,140,0,68.63,33.83,"Gamma","core","critica","failed"
18.52,11.39,161,1,47.91,3.46,"Delta","database","baja","success"
2.07,3.83,131,1,71.04,39.63,"Gamma","api","baja","success"
39.24,0.91,125,1,90.87,6.86,"Beta","database","media","success"
44.68,4.63,138,0,57.48,25.61,"Alpha","ui","baja","success"
32.34,6.71,179,2,40.36,2.6,"Delta","auth","media","failed"
37.46,11.86,153,0,42.64,36.26,"Gamma","database","alta","rolled_back"
40.3,1.5,149,2,51.41,5.62,"Gamma","api","baja","success"
24.96,5.37,128,0,45.56,5.81,"Beta","auth","media","success"
25.66,0.79,153,1,65.53,5.1,"Gamma","api","media","success"
13.53,4.76,153,2,80.07,20.61,"Alpha","core","baja","failed"
30.18,10.71,152,1,59.37,62.1,"Delta","database","alta","success"
12.09,6.93,146,0,71.92,3.12,"Delta","api","baja","success"
14.04,14.96,166,2,47.99,8.38,"Alpha","database","baja","success"
32.64,19.13,146,2,88.17,28.22,"Alpha","api","baja","success"
33.15,4.85,130,0,75.86,25.65,"Alpha","database","alta","failed"
9.03,19.55,149,1,61.93,3.54,"Beta","ui","alta","failed"
14.82,2.29,145,2,60.59,12.85,"Alpha","api","alta","success"
17.59,14.86,150,0,72.86,23.73,"Delta","ui","baja","failed"
4.88,5.83,147,1,51.65,9.18,"Beta","auth","media","success"
32.52,5.89,131,1,58.65,1.39,"Gamma","ui","baja","success"
25.47,1.68,144,0,52.38,8.1,"Delta","api","baja","success"
7.41,4.95,130,2,46.25,29.83,"Alpha","auth","alta","success"
43.88,15.3,146,2,82.1,21.59,"Beta","core","media","success"
25.95,7.22,137,1,98.39,49.82,"Gamma","api","media","success"
35.8,14.49,145,3,63.93,15.18,"Beta","database","baja","rolled_back"
38.43,4.46,132,2,60.49,63.22,"Beta","ui","baja","rolled_back"
39.69,1.58,163,0,65.39,16.83,"Gamma","database","media","success"
36.32,14.67,151,1,77.67,21,"Delta","auth","media","success"
29.35,5.69,159,1,46.32,6.36,"Delta","ui","media","failed"
28.86,6.94,170,1,78.37,19.2,"Gamma","api","baja","success"
13.31,17.12,143,2,86.87,29.45,"Beta","auth","alta","failed"
2.8,0.61,151,0,93.93,25.02,"Delta","auth","baja","success"
19.76,8.95,166,0,56.97,78.5,"Delta","ui","media","success"
16.96,2.81,170,2,60.86,10.11,"Beta","ui","media","success"
18.57,10.32,172,1,55.96,28,"Gamma","core","media","success"
8.98,19.53,133,0,64.7,43.67,"Delta","database","critica","success"
15.4,13.4,151,1,79.64,33.1,"Beta","ui","media","success"
19.49,17.74,156,0,62.04,23.36,"Beta","core","critica","success"
34.53,14.83,174,2,62.97,0.3,"Alpha","auth","critica","success"
13.33,10.35,130,2,89.59,15.63,"Delta","database","baja","success"
6.53,17.78,147,0,76.64,11.93,"Gamma","core","baja","success"
2.78,10.16,156,1,56.34,19.39,"Delta","api","media","success"
36.6,15.71,148,0,44.15,1.32,"Alpha","auth","alta","success"
22.39,10.38,155,1,51.53,1.15,"Alpha","database","baja","success"
36.57,2.14,168,1,65.22,26.98,"Beta","auth","baja","success"
4.94,11.18,153,3,61.39,15.15,"Beta","api","baja","failed"
6.52,7.49,168,1,59.15,8.38,"Beta","database","media","success"
7.13,11,155,2,82.43,32.81,"Beta","ui","baja","success"
33.64,12.57,147,1,88.48,26.41,"Gamma","auth","media","success"
34.43,5.32,133,0,72.69,20.53,"Alpha","api","media","failed"
44.67,9.4,134,3,46.01,1.83,"Delta","api","alta","success"
28.67,2.49,150,0,91.08,0.44,"Beta","database","baja","failed"
14.06,0.79,150,2,83.33,83.14,"Alpha","auth","media","rolled_back"
10.2,2.38,155,3,71.44,86.69,"Alpha","database","media","success"
36.34,4.87,151,0,50.53,70.76,"Delta","core","media","success"
33.16,3.32,139,1,50.77,17.96,"Delta","api","baja","rolled_back"
10.94,16.97,133,0,65.99,95.87,"Delta","ui","media","success"
33.87,8.6,147,1,91.88,41.46,"Alpha","auth","media","success"
39.2,11.47,147,1,80.84,24.94,"Delta","core","critica","success"
24.53,11.92,157,3,89.23,55.68,"Delta","ui","critica","success"
27.54,1.87,149,1,79.47,35.24,"Beta","auth","alta","success"
42.29,15.53,142,1,46.87,14.78,"Delta","database","media","success"
42.86,11.92,139,2,65.34,2.52,"Beta","database","baja","success"
30.23,15.56,148,1,77.14,6.8,"Gamma","auth","baja","failed"
4.64,9.02,153,0,66.91,32.15,"Beta","database","alta","success"
37.45,12.82,125,0,60.75,55.24,"Beta","ui","media","rolled_back"
22.36,15.11,137,0,45.39,70.77,"Alpha","auth","media","failed"
18.52,14.05,134,2,99.69,47.41,"Alpha","core","alta","success"
14.51,19.66,165,3,47.62,14.7,"Delta","api","media","success"
12.13,5.97,145,0,46.38,15.16,"Delta","api","baja","success"
19.85,1.76,138,4,82.87,57.74,"Delta","database","alta","success"
42.29,8.79,178,0,40.02,26.96,"Delta","auth","media","success"
13.01,6.48,161,1,59.79,12.1,"Delta","auth","media","success"
26.23,8.87,151,0,74.41,3.4,"Delta","api","baja","success"
10.3,9.17,170,0,64.05,33.73,"Beta","auth","alta","success"
9.89,13.17,159,1,77.92,24.94,"Delta","ui","critica","success"
32.76,0.82,168,0,89.48,33.42,"Delta","core","baja","success"
15.14,5.04,149,0,76.31,67.64,"Gamma","core","alta","success"
7.52,10.01,152,0,47.3,47.76,"Beta","core","alta","rolled_back"
4.02,17.83,147,1,46.82,28.83,"Gamma","auth","alta","success"
42,5.89,157,2,54.82,64.67,"Alpha","core","media","success"
26.22,6.35,137,1,55.76,7.05,"Gamma","core","media","success"
6.62,19.75,144,3,86.6,7.56,"Beta","database","media","success"
26.07,9.55,151,0,71.69,36.08,"Beta","auth","baja","rolled_back"
25,0.53,163,1,45.24,14.36,"Delta","api","media","success"
37.16,1.67,132,1,53.23,73.19,"Beta","auth","alta","success"
32.08,18.67,138,1,46.29,37.32,"Delta","core","baja","failed"
26.2,9.72,131,2,73.09,13,"Gamma","auth","baja","success"
32.88,16.94,144,0,56.61,16.53,"Gamma","ui","media","failed"
34.23,16.72,117,1,50.79,5.32,"Delta","core","alta","success"
18.09,15.49,157,0,49.89,10.1,"Beta","auth","baja","success"
14.03,12.27,170,1,67.02,16,"Delta","database","alta","success"
24.63,11.39,143,0,83.21,40.45,"Gamma","core","media","success"
12.79,10.75,150,0,71.01,29.32,"Alpha","ui","media","success"
37.68,5.15,164,3,71.35,50.74,"Delta","ui","media","success"
19.13,12.52,144,1,51.38,2.57,"Delta","auth","alta","success"
4.66,17.38,151,0,79.3,1.88,"Gamma","api","media","failed"
42.99,15.41,175,3,82.29,8.47,"Delta","database","alta","success"
10.95,4.16,146,1,79.88,8.96,"Alpha","api","baja","success"
19.14,7.76,148,3,48.51,25.03,"Alpha","core","media","success"
28.72,15.25,153,1,73.75,35.62,"Alpha","core","baja","success"
28.84,2.21,171,1,95.19,23.64,"Delta","core","baja","rolled_back"
15.78,13.3,162,2,90.93,5.88,"Beta","database","baja","success"
7.54,14.45,144,2,99.54,44.87,"Delta","ui","baja","success"
41.29,17.25,142,4,94.84,20.91,"Alpha","core","baja","failed"
27.56,4.59,156,2,96.68,13.26,"Alpha","ui","baja","success"
34.11,5.87,164,0,84.12,45.07,"Delta","auth","alta","success"
41.47,16.79,167,3,96.16,25.62,"Delta","database","baja","success"
24.5,5.97,152,2,51.71,48.79,"Beta","api","media","success"
17.68,17.04,152,2,50.39,1,"Delta","core","critica","success"
4.36,12.56,155,1,41.21,2.92,"Alpha","auth","media","success"
38.67,5.37,163,0,65.39,14.18,"Alpha","core","critica","failed"
23.7,12.59,152,1,51.85,11.53,"Gamma","api","media","rolled_back"
10.63,1.57,145,2,41.06,2.36,"Delta","ui","media","success"
17.85,18.35,165,1,67.48,19.12,"Alpha","auth","critica","success"
10.52,17.77,160,0,86,35.69,"Delta","core","baja","rolled_back"
21.48,13.88,161,1,76.88,39.55,"Beta","auth","baja","success"
12.01,19.1,154,2,47.77,72.02,"Delta","database","baja","success"
6.66,11.37,142,1,53.18,10.59,"Gamma","api","critica","success"
4.65,15.77,161,3,69.89,11.65,"Alpha","api","media","success"
31.56,16.11,148,2,63.91,29.12,"Delta","auth","baja","success"
13.98,5.67,169,1,71.86,40.26,"Delta","api","alta","success"
8,6.22,140,3,48.05,36.64,"Beta","ui","alta","success"
43.8,4.9,139,0,91.72,45.52,"Beta","auth","baja","rolled_back"
19.36,17.32,161,1,50.01,12.24,"Delta","ui","media","success"
18.98,14.61,148,2,98.55,89.16,"Alpha","core","critica","rolled_back"
29.71,3.49,130,1,67.34,7.3,"Alpha","database","media","success"
41.36,17.13,168,2,87.85,1.82,"Beta","auth","media","success"
10.92,12.83,158,0,66.41,27.58,"Beta","database","alta","success"
25.34,11.33,130,3,74.07,14.2,"Alpha","core","baja","rolled_back"
32.82,1.36,159,1,47.21,9.76,"Beta","api","media","success"
18.78,5.95,155,1,57.56,0,"Gamma","ui","alta","success"
5.59,12.15,140,1,87.06,18.76,"Alpha","core","alta","success"
29.12,19.16,154,1,69.46,17.69,"Delta","database","baja","success"
1.61,1.64,161,1,62.54,29.26,"Beta","core","critica","success"
10.66,9.42,158,3,99.36,28.72,"Delta","core","media","success"
31.04,8.47,143,1,65.56,55.14,"Beta","api","baja","success"
39.18,10.43,162,2,55.03,21.44,"Delta","api","baja","failed"
36.29,1.27,167,3,42.39,5.49,"Delta","ui","media","failed"
7.37,17.33,138,0,71.18,4.47,"Gamma","api","media","success"
18.36,5.59,145,2,51.29,14.67,"Alpha","auth","baja","success"
35.8,9.48,158,2,60.2,6.12,"Delta","ui","media","success"
31.64,4.77,150,3,50.65,53.13,"Delta","core","media","success"
27.35,18.75,138,2,45.08,7.85,"Alpha","core","baja","success"
6.89,14.35,138,0,58.45,4.07,"Beta","auth","baja","success"
25.65,8.29,148,2,99.73,85.82,"Beta","core","media","success"
21.05,5.96,163,1,87.3,91,"Delta","ui","media","success"
34.83,14.22,149,2,46.18,32.01,"Gamma","api","alta","success"
2.64,4.81,145,1,47.32,38.38,"Gamma","core","baja","success"
9.99,6.23,140,2,91.01,8.45,"Delta","database","critica","success"
39.83,17.84,141,0,75.21,20.18,"Delta","ui","baja","failed"
6.28,10.24,141,2,74.06,10.38,"Beta","auth","alta","success"
43.63,19.07,138,0,96.12,3.72,"Delta","ui","media","failed"
18.26,15.63,131,1,59.22,7.73,"Beta","auth","baja","success"
38.85,17.33,150,0,55.77,0.82,"Alpha","api","baja","success"
40.1,11.71,154,3,68.38,17.41,"Beta","database","media","success"
22.78,1.83,158,1,62.5,8.08,"Beta","ui","media","success"
32.74,10.6,162,0,60.76,11.6,"Beta","ui","media","success"
22.67,18.03,141,5,85.51,24.52,"Beta","database","media","success"
44.51,1.1,137,2,85.36,16.62,"Beta","database","alta","rolled_back"
4.32,2.64,142,0,73.14,19.13,"Delta","database","media","success"
8.36,12.81,180,0,71.88,20.51,"Beta","ui","alta","success"
35.66,9.69,152,0,71.16,15.45,"Delta","ui","alta","success"
25.09,19.81,175,1,45.77,48.86,"Delta","database","baja","failed"
19.62,15.49,146,0,53.39,14.06,"Beta","database","baja","success"
44.95,15.59,137,1,59.8,4.72,"Gamma","ui","baja","success"
12.62,8.6,147,2,69.16,38.48,"Beta","core","baja","success"
23.59,19.94,137,1,65.89,3.28,"Alpha","database","alta","success"
4.94,9.08,143,0,62.77,46.22,"Gamma","ui","media","success"
36.89,19.36,147,0,81.6,9.27,"Alpha","ui","baja","success"
18.12,11.22,152,1,93.95,7.49,"Beta","ui","critica","success"
36.39,15.17,133,0,84.45,0.78,"Beta","core","media","success"
10.11,13.48,166,3,62.03,27.57,"Delta","api","media","success"
42.67,16.69,165,1,95.45,3.58,"Gamma","api","media","success"
16.54,13.36,142,3,77.3,1.21,"Gamma","api","alta","success"
24.21,0.61,166,0,67.99,15.7,"Gamma","api","alta","success"
6.36,1.32,163,0,62.13,9.05,"Beta","core","media","success"
40.04,18.55,145,1,52.59,6.67,"Alpha","database","media","success"
43.01,8.89,137,2,74.17,35.07,"Delta","ui","baja","success"
3.26,12.88,148,0,81.48,36.48,"Delta","core","baja","success"
22.97,12.45,148,0,46.85,12.43,"Beta","core","baja","success"
11.33,19.09,159,2,56.52,25.06,"Delta","auth","baja","success"
38.86,14.59,147,1,55.33,9.44,"Delta","database","media","success"
24.6,4.63,170,2,98.94,24.04,"Gamma","ui","baja","success"
1.7,7.82,140,0,85.86,19.53,"Beta","core","critica","success"
13.57,13.43,148,0,40.86,16.32,"Alpha","api","media","success"
15.65,5.2,151,0,62.99,36.27,"Delta","database","media","success"
27.11,11.75,162,2,60.03,31.85,"Gamma","ui","media","success"
12.36,2.17,148,2,46.22,3.24,"Gamma","database","media","success"
3.38,18.8,148,4,49.62,0.12,"Delta","api","media","success"
6.31,5.04,154,2,81.91,1.06,"Gamma","api","media","success"
32.11,6.07,140,2,82.33,15.35,"Delta","database","media","success"
42.35,9.31,134,1,94.82,17.43,"Gamma","api","media","success"
15.04,9.55,150,2,42.93,3.97,"Alpha","ui","media","failed"
4.91,5.62,143,1,74.9,17.25,"Gamma","api","baja","success"
15.5,4.45,138,0,68.52,6.37,"Beta","ui","baja","success"
28.68,14.62,161,2,66.51,6.85,"Beta","api","media","success"
20.65,8.74,163,0,65.23,5.11,"Delta","auth","alta","success"
36.36,13.05,166,4,40.23,9.78,"Delta","ui","baja","success"
13.65,12.77,157,1,47.11,56.81,"Gamma","api","critica","success"
26.33,1.55,132,3,63.12,9.27,"Alpha","api","media","success"
3.33,9.83,156,2,56.17,51.8,"Beta","core","media","success"
9.8,12.68,156,1,50.39,8,"Gamma","api","media","success"
33.13,6.89,135,0,91.1,21.6,"Delta","database","alta","success"
37.46,14.27,151,2,71.11,18.16,"Gamma","database","baja","success"
23.72,18.04,143,0,60.9,81.57,"Beta","auth","baja","failed"
26.2,8.24,139,1,60.4,25.83,"Gamma","api","baja","success"
1.55,8.16,154,1,66.68,1,"Beta","auth","baja","failed"
7.75,10.04,133,1,75.12,27.6,"Beta","core","critica","success"
39.17,1.53,148,0,71.21,53.11,"Gamma","auth","media","success"
5.09,6.99,146,3,65.33,115.22,"Gamma","core","critica","success"
12.14,4.23,137,1,46.37,1.86,"Gamma","core","alta","success"
44.2,8,148,2,46.86,1.48,"Beta","api","media","success"
26.62,9.03,160,0,80.96,3.71,"Delta","api","baja","success"
12.32,3.56,166,1,60.71,12.67,"Delta","ui","media","success"
28.25,1.9,148,0,62.34,12.31,"Alpha","database","alta","success"
2.88,13.46,150,0,47.26,2.03,"Delta","core","alta","success"
7.87,8.66,163,3,98.71,20.12,"Delta","database","media","success"
32.08,2.65,153,0,86.68,24.62,"Alpha","api","baja","success"
4.35,9.53,154,2,62.67,30.53,"Delta","auth","alta","success"
28.55,5.91,146,0,42.35,11.91,"Gamma","api","baja","success"
42.27,2.31,169,1,96.14,2.67,"Beta","core","media","success"
5.32,4.02,156,2,61.46,12.64,"Beta","ui","baja","failed"
43.82,10.72,162,0,86.52,56.97,"Delta","api","alta","success"
2.63,4.24,148,0,75.58,41.91,"Beta","database","baja","success"
33.05,10.55,127,0,69.4,6.51,"Beta","ui","baja","success"
21.24,7.45,144,1,53.06,13.16,"Alpha","api","media","success"
26.13,16.61,159,2,51.4,80.78,"Delta","database","baja","success"
39.46,6.62,163,0,58.47,27.73,"Beta","api","media","success"
25.62,10.67,127,2,96,4.81,"Gamma","ui","critica","success"
33.59,5.22,134,0,91.53,19.81,"Gamma","api","baja","success"
28.61,6.84,167,2,51.25,39.44,"Beta","database","baja","success"
15.03,8.3,152,1,52.93,1.13,"Delta","api","baja","success"
18.56,13.18,141,2,93.7,6.53,"Delta","database","alta","success"
10.29,1.6,147,1,52.18,5.84,"Delta","database","baja","success"
38.6,14.26,152,2,70.44,47.8,"Alpha","auth","baja","success"
27.9,11.11,134,0,83.82,21.83,"Alpha","core","baja","success"
34.39,7.11,166,1,44.65,5,"Beta","auth","baja","success"
25.97,14.86,162,2,42.34,14.21,"Delta","api","media","success"
13.5,5.7,154,0,67.05,43.32,"Delta","auth","baja","success"
33.5,2.44,150,0,90.9,30.2,"Beta","core","baja","success"
25.39,7.78,151,1,99.75,43.28,"Beta","database","baja","success"
16.56,2.04,154,0,47.45,41.72,"Alpha","api","alta","success"
23.9,4.91,138,3,99.52,26.56,"Alpha","api","baja","success"
36.99,19.75,145,3,58.54,10.71,"Gamma","database","baja","success"
24.39,2.81,143,0,90.39,65.2,"Beta","database","alta","success"
10.33,12.1,140,1,54.41,57.82,"Delta","database","baja","success"
38.39,14,140,0,65.33,44.2,"Gamma","auth","alta","success"
17.62,10.66,151,1,52.15,55.44,"Beta","api","media","success"
14.69,8.31,132,0,60.54,15.57,"Alpha","database","baja","success"
35.02,8.72,162,1,75.35,90.18,"Gamma","database","baja","success"
33.41,10.82,142,1,51.31,8.88,"Beta","api","critica","success"
37.99,13.93,166,1,53.03,6.79,"Alpha","ui","critica","success"
26.25,19.68,111,2,61.15,7.7,"Beta","auth","media","success"
2.64,10.54,127,1,66.22,45.33,"Gamma","api","baja","success"
22.65,10.1,149,2,85.89,7.17,"Alpha","api","media","success"
25.11,6.2,148,0,41.12,72.71,"Beta","database","alta","success"
37.89,3.62,149,2,74.92,0.23,"Alpha","ui","critica","success"
33.2,6.99,160,1,76.5,118.1,"Delta","database","baja","success"
25.65,6.22,131,2,42.18,2.67,"Delta","api","media","success"
4.69,7.62,152,1,53.09,1.91,"Beta","ui","baja","failed"
7.44,9.78,157,3,98.23,29.24,"Delta","api","baja","success"
31.28,7.8,147,1,62.18,61.24,"Delta","database","baja","success"
5.83,8.82,151,1,59.76,2.67,"Alpha","database","baja","success"
10.36,4.91,166,4,96.17,21.74,"Beta","api","baja","success"
17.42,1.59,160,0,93.32,42.5,"Delta","core","baja","rolled_back"
38.31,17.24,155,3,83.29,14.94,"Gamma","ui","alta","failed"
11.8,11.44,132,2,76.17,86.54,"Delta","ui","media","success"
32.16,10.98,145,1,95.29,8.58,"Beta","auth","alta","success"
6.18,12.53,158,3,56.54,19.82,"Beta","database","baja","success"
35.39,4.78,157,1,46.13,17.08,"Alpha","api","baja","success"
12.6,10.63,150,1,62.65,84.03,"Gamma","core","media","success"
25.34,14.6,136,0,55.79,33.16,"Gamma","core","baja","success"
2.97,1.05,146,2,97.68,8.44,"Beta","auth","media","success"
36.57,12.92,140,2,88.01,14.88,"Alpha","database","baja","success"
16.19,14.93,147,2,72.92,1.89,"Gamma","auth","critica","success"
41.36,9.18,148,1,51.55,20.26,"Alpha","database","media","success"
17.03,16.05,152,1,91.96,2.62,"Beta","auth","critica","success"
43.93,13.29,153,3,53.48,74.48,"Delta","ui","media","success"
18.22,12.37,121,1,87.14,30.91,"Delta","api","baja","success"
22.76,4.06,137,1,97.91,12.97,"Gamma","database","alta","success"
22.85,14.98,142,2,48.47,19.23,"Beta","api","alta","success"
2.03,8.71,145,0,62.49,75.08,"Alpha","auth","media","success"
29.4,2.6,163,2,57.11,63.52,"Alpha","core","critica","success"
23.8,3.6,140,1,58.62,1.35,"Delta","auth","baja","failed"
15.44,15.83,145,1,64.65,15.73,"Gamma","core","media","failed"
26.79,2.81,160,1,83.4,6.79,"Beta","ui","baja","success"
28.35,9.59,138,0,48.15,13.13,"Alpha","api","baja","success"
20.56,7.72,141,1,74.13,7.18,"Alpha","api","media","success"
8.91,10.12,132,2,52.83,21.09,"Delta","database","alta","success"
32.61,11.55,146,0,82.12,35.28,"Delta","api","alta","success"
34.03,19.1,173,0,97.55,49.22,"Alpha","core","baja","success"
38.21,4.02,146,1,72.62,43.98,"Delta","api","media","success"
24.76,8.04,159,1,78.74,189.99,"Beta","auth","critica","success"
14.65,8.9,149,2,98.18,2.69,"Alpha","database","media","success"
21.36,17.07,167,2,76.21,44.65,"Delta","core","baja","success"
18.22,1.16,161,1,52.97,22.25,"Beta","core","baja","success"
12.33,0.94,149,1,95.77,20.71,"Alpha","ui","media","success"
29.98,6.89,140,0,94.58,10.94,"Alpha","api","media","success"
43.06,7.18,139,1,93.45,31.38,"Beta","ui","baja","success"
14.16,17.64,144,2,95.65,28.12,"Alpha","auth","baja","success"
29.78,11.51,141,0,61.9,4.26,"Beta","ui","media","success"
24.83,2.93,143,1,67.3,70.76,"Delta","auth","baja","success"
27.49,1.7,154,1,62.8,28.14,"Gamma","ui","baja","success"
2.58,2.77,152,1,57.34,22.78,"Alpha","auth","alta","success"
1.71,16.8,143,2,42.74,49.83,"Gamma","auth","baja","failed"
7.21,8.55,174,0,88.33,35.68,"Alpha","core","alta","success"
2.58,19.38,146,2,43.19,7.32,"Delta","ui","media","success"
5.51,14.22,148,3,75.69,0.59,"Gamma","api","baja","success"
22.19,5.74,145,2,91.92,5,"Beta","core","media","success"
10.05,17.89,149,1,44.86,14.19,"Alpha","api","baja","success"
36.94,13.15,137,1,76.07,27.49,"Alpha","core","alta","failed"
12.12,19.92,158,3,98.86,0.36,"Delta","core","baja","success"
22.76,2.74,149,0,75.49,21.82,"Beta","core","media","success"
29.73,15.87,139,1,55.7,18.87,"Delta","core","baja","success"
8.4,19.6,162,1,46.81,36.18,"Beta","auth","baja","success"
37.91,15.11,138,0,72.38,14.89,"Beta","ui","media","success"
20.49,15.63,133,2,52.62,1.1,"Gamma","api","alta","failed"
11.66,19.58,132,1,62.78,13,"Alpha","auth","alta","success"
14.5,6.88,166,3,67.14,15.39,"Alpha","database","baja","success"
8.43,7.94,135,4,71.86,14.54,"Delta","database","alta","success"
26.97,3.97,152,1,66.13,45.44,"Beta","core","baja","success"
7.97,8.6,142,0,78.29,13.33,"Beta","auth","baja","success"
9.29,8.75,158,1,87.57,19.04,"Gamma","ui","media","success"
16.26,12.2,133,1,69.78,19.27,"Delta","core","alta","success"
9.5,8.53,133,0,92.08,57.34,"Delta","ui","baja","success"
19.14,2.02,164,1,66.17,13.36,"Alpha","core","alta","success"
28.19,13.28,153,1,95.28,36.45,"Delta","core","media","success"
31.33,1.15,156,1,97.6,48.91,"Beta","auth","baja","success"
37.32,3.51,152,3,63.32,26.27,"Alpha","core","baja","success"
17.77,19.31,146,1,99.86,14.48,"Beta","auth","baja","success"
42.95,10.42,151,0,80.02,69.77,"Gamma","api","media","success"
2.32,6.01,142,3,73.45,29.06,"Gamma","core","alta","success"
28.14,0.55,145,0,81.76,12.73,"Delta","ui","media","success"
21.67,6.81,150,2,56.65,24.24,"Alpha","ui","critica","success"
16.93,17.75,145,1,62.52,32.05,"Delta","ui","media","success"
39.89,3.63,164,2,87.06,2.69,"Alpha","api","baja","success"
4.8,7.97,153,0,88.83,8.23,"Delta","ui","alta","success"
39.92,11.37,163,1,62.82,37.95,"Delta","ui","media","success"
9.69,10.14,179,3,76.13,9.42,"Gamma","database","baja","success"
10.86,14.59,143,0,65.9,50.43,"Beta","database","media","success"
39.32,16.35,140,1,90.49,9,"Beta","ui","baja","failed"
4.15,8.49,143,2,79.49,54.83,"Delta","database","alta","success"
11.72,4.88,170,1,84.25,27.4,"Delta","api","baja","success"
44.7,10.36,152,1,50.45,16.04,"Delta","ui","media","success"
31,6.38,129,2,85.66,14.02,"Gamma","ui","baja","success"
20.44,16.67,161,7,94.29,9.89,"Beta","database","media","success"
17.91,5.66,144,5,42.12,19.49,"Gamma","database","alta","success"
21.56,10.17,137,1,97.56,21.67,"Alpha","core","alta","success"
36.38,2.39,149,0,80.77,5.04,"Gamma","api","alta","success"
30.34,6.1,151,1,82.04,0.39,"Delta","auth","media","success"
21.77,16.97,175,0,61.83,54.79,"Gamma","api","baja","success"
3.82,9.78,139,1,61.03,54.46,"Gamma","core","media","success"
11.82,9.34,150,2,52.68,41.8,"Gamma","auth","baja","success"
11.65,4.4,144,0,95.16,0.22,"Delta","ui","media","success"
11.53,5.56,141,0,96.77,27.03,"Delta","ui","baja","success"
4.19,11.04,152,2,40.72,21.77,"Beta","api","media","success"
23.12,14.65,139,1,46.19,44.09,"Delta","api","baja","success"
12.12,4.1,167,2,52.15,5.79,"Delta","core","media","success"
34.48,4.12,155,1,94.42,21.79,"Beta","auth","alta","rolled_back"
25.31,18.41,136,1,83.6,3.18,"Alpha","ui","baja","success"
42.74,3.11,136,1,72.17,6.64,"Gamma","ui","alta","success"
5.25,0.63,153,0,93,22.7,"Delta","ui","baja","success"
42.73,5.81,139,1,41.67,36.91,"Alpha","ui","alta","success"
32.92,13.29,156,2,41.8,6.5,"Delta","ui","media","failed"
41.61,10.4,149,2,77.91,1.77,"Delta","database","critica","success"
28.2,6.6,158,2,52.6,7.58,"Gamma","core","alta","success"
8.5,4.25,130,1,40.73,0.4,"Beta","auth","alta","success"
9.46,19.54,151,2,78.92,34.79,"Beta","ui","baja","success"
33.26,15.01,154,1,83.27,2.78,"Alpha","auth","media","success"
27.14,8.44,141,1,85.64,4.06,"Alpha","core","baja","success"
15.09,2.55,140,2,93.48,38.99,"Gamma","core","baja","success"
35.12,13.86,152,0,74.85,36.46,"Alpha","api","baja","success"
16.13,12.25,162,2,68.27,19.33,"Gamma","ui","baja","success"
38.72,13.19,148,2,99.73,92.61,"Gamma","ui","baja","success"
26.75,15.2,150,1,79.83,28.9,"Alpha","core","media","success"
19.58,12.16,146,1,42.28,10.95,"Beta","api","baja","success"
42.07,2.25,158,1,97.19,14.78,"Beta","auth","media","success"
21.63,14.11,134,1,84.16,3.36,"Gamma","core","baja","success"
5.82,0.9,157,4,52.42,13.04,"Gamma","ui","baja","success"
21.75,19.55,174,1,56.61,6.97,"Beta","core","media","success"
44.31,19.06,128,1,76.2,6.02,"Alpha","ui","critica","rolled_back"
41.75,16.55,141,0,83.59,1.8,"Beta","database","media","success"
20.44,5.36,147,1,94.88,3.5,"Alpha","api","baja","success"
39.33,11.77,151,1,82.23,6.16,"Gamma","database","baja","success"
14.57,7.2,140,1,83.86,15.66,"Delta","api","media","success"
36.21,19.28,163,2,44.26,10.11,"Alpha","core","baja","success"
36.32,17.11,153,2,74.45,13.9,"Delta","ui","baja","success"
18.33,14.54,156,0,58.69,10.02,"Alpha","database","media","success"
18.1,15.92,127,1,51.8,34.52,"Alpha","auth","media","success"
29.58,14.97,157,0,83.18,51.14,"Alpha","core","baja","success"
38.98,6.85,153,1,46.4,11.45,"Beta","database","baja","success"
30.06,17.92,137,1,55.81,15.29,"Gamma","api","alta","success"
23.96,1.58,139,0,55.38,28.25,"Beta","ui","media","success"
7.97,11.5,159,0,61.74,36.38,"Alpha","auth","baja","success"
28.16,6.71,156,3,88.86,15,"Gamma","core","media","success"
3.33,15.44,146,2,55.08,21.8,"Alpha","ui","alta","success"
23.18,12.64,147,1,81.72,124.84,"Beta","core","media","success"
33.67,8.14,150,0,94.9,11.96,"Alpha","auth","alta","success"
34.29,17.36,154,1,92.58,20.58,"Alpha","api","media","failed"
4.24,11.22,150,0,70.07,10.23,"Alpha","auth","media","success"
20.75,17.14,152,3,53.73,9.93,"Beta","auth","baja","success"
23.28,10.56,120,1,48.13,8.53,"Beta","database","critica","success"
13.26,13.16,158,0,50.26,39.41,"Delta","auth","media","success"
27.55,5.59,157,1,94.34,2.09,"Delta","ui","baja","success"
33.51,6.13,136,3,86.37,4.37,"Delta","database","media","success"
32.54,19.59,152,1,47.8,0.64,"Alpha","ui","media","success"
6.57,19.85,138,2,83.7,7.56,"Gamma","api","media","success"
26.52,6.12,154,4,55.71,4.96,"Alpha","auth","baja","success"
36.22,12.3,150,1,49.35,33.28,"Beta","auth","baja","success"
11.58,7.54,134,1,57.59,4.26,"Beta","api","media","success"
33.03,19.77,159,2,82.24,6.12,"Alpha","ui","media","success"
37.95,18.19,130,1,56.79,17.89,"Beta","database","critica","success"
6.67,10.61,125,0,43.59,34.93,"Beta","auth","media","success"
43.21,10.09,146,3,90.76,86.97,"Alpha","ui","critica","success"
34.03,8.09,151,1,63.37,20.28,"Beta","auth","media","success"
36.77,17.63,161,1,88.72,18.33,"Delta","api","media","success"
9.76,18.49,154,0,45.32,9.09,"Beta","database","baja","success"
2.63,5.8,158,0,40.23,25.56,"Beta","api","critica","success"
39.07,17.02,158,2,47.7,20.85,"Gamma","auth","critica","success"
41.48,10.15,148,0,51.9,2.33,"Beta","database","media","success"
7.49,12.72,150,1,53.21,12.9,"Delta","auth","critica","success"
22.28,8.32,162,0,45.8,13.36,"Beta","core","baja","success"
21.64,2.02,149,1,70.6,21.74,"Delta","ui","alta","success"
31.96,3.74,147,2,42.04,11.97,"Gamma","ui","media","success"
4.35,1.23,134,3,95.1,12.55,"Delta","api","alta","success"
33.39,7.93,153,0,65.76,0.49,"Beta","auth","critica","success"
18.72,14.41,142,3,78.96,11.63,"Beta","auth","alta","success"
21.57,5.49,147,1,41.07,15.82,"Delta","core","media","failed"
33.05,8.4,129,0,52.03,18.21,"Alpha","ui","baja","success"
21.95,16.19,131,0,63.38,4.26,"Alpha","auth","critica","success"
44.98,16,141,2,58.14,5.44,"Gamma","ui","media","success"
38.3,8.02,153,3,99.92,7.11,"Delta","core","media","success"
37.53,15.06,142,2,94.5,40.05,"Gamma","core","baja","success"
34.63,9.61,146,1,71.3,90.38,"Alpha","auth","baja","success"
6.38,4.9,156,2,44.86,38.9,"Alpha","database","alta","success"
38,4.48,164,0,72.75,35.01,"Alpha","api","baja","success"
36.9,1.53,163,2,65.68,3.22,"Beta","ui","media","failed"
44.63,11.91,141,2,69.9,2.14,"Alpha","ui","critica","success"
3.6,19.37,138,0,40.71,26.89,"Delta","ui","critica","success"
33.99,1.54,151,1,87.85,37.28,"Alpha","auth","baja","success"
19.74,14.5,125,1,66.97,14.42,"Delta","auth","baja","failed"
26.82,0.53,154,1,66.07,7.84,"Delta","auth","media","success"
37.64,19.8,145,0,86.65,2.77,"Alpha","auth","media","rolled_back"
2.09,19.41,153,1,49.64,24.72,"Gamma","core","critica","success"
2,14.14,131,1,61.28,4.52,"Beta","api","critica","success"
44.85,15.62,161,2,50.38,7.88,"Beta","database","media","success"
34.81,9.23,148,1,67.74,28.14,"Gamma","ui","alta","success"
15.19,14.88,158,2,61.45,1.93,"Gamma","database","baja","success"
36.82,13.71,141,1,64.57,74.96,"Gamma","database","baja","success"
44.62,0.75,131,1,71.56,22.92,"Alpha","database","critica","failed"
10.23,10.96,166,2,79.19,12.67,"Delta","auth","media","success"
29.6,15.14,148,1,76.89,0.21,"Alpha","core","media","success"
20.53,0.9,165,0,73.06,11.6,"Gamma","api","media","success"
42.3,14.12,156,1,70.41,39.03,"Beta","core","media","success"
44.48,17.11,168,2,80.65,37.72,"Delta","ui","baja","success"
21.35,9.65,149,1,46.67,86.1,"Delta","auth","critica","success"
11.53,5.57,153,1,70.76,21.99,"Alpha","core","baja","success"
31.75,16.01,152,2,81.07,44.6,"Beta","ui","baja","success"
25.71,8.79,152,2,93.87,0.45,"Delta","core","critica","success"
26.93,17.44,165,1,65.8,48.41,"Alpha","core","baja","success"
20.36,12.76,127,0,62.17,1.89,"Delta","auth","media","success"
20.04,9.3,167,2,52.03,28.92,"Gamma","api","media","success"
27.46,10.64,145,2,91.77,6.53,"Gamma","auth","baja","success"
21.17,19.5,149,3,72.48,115.95,"Gamma","auth","baja","success"
43.11,13.83,138,1,76.09,49.12,"Beta","core","alta","failed"
38.23,16.85,147,1,46.09,69.75,"Gamma","database","alta","success"
11.19,8.2,146,1,61.72,39.17,"Gamma","ui","baja","success"
19.78,17.85,157,1,54.05,37.3,"Beta","core","baja","failed"
19.77,1,167,1,98.45,7.45,"Beta","database","media","success"
2.4,7.84,155,1,67.53,26.69,"Alpha","core","baja","failed"
18.05,13.84,162,1,87.69,9.62,"Beta","ui","media","success"
19.87,9.23,158,1,50.94,78.76,"Alpha","auth","alta","success"
9.83,4.66,144,3,94.1,3.16,"Delta","database","media","success"
32.18,3.97,121,1,79.18,24.87,"Beta","ui","critica","success"
2.09,13.77,162,1,52.07,11.73,"Delta","auth","baja","success"
33.31,13.33,139,1,91.11,8.92,"Gamma","api","media","success"
20.32,8.71,163,1,77.14,71.67,"Alpha","database","alta","rolled_back"
33.31,12.28,153,1,44.23,19.54,"Beta","database","media","success"
2.11,8.31,127,1,83.83,0.9,"Beta","ui","baja","success"
3.47,10.96,140,0,66.55,64.6,"Alpha","database","media","success"
19.7,17.02,159,0,72.85,0.59,"Delta","database","baja","success"
29.51,5.34,132,2,42.08,54.49,"Alpha","ui","baja","failed"
11.06,13.79,148,1,79.76,16.92,"Beta","database","alta","success"
37.75,8.46,173,2,85.79,38.93,"Gamma","api","baja","success"
31.72,11.04,165,0,49.01,64.86,"Beta","ui","media","failed"
40.61,19.54,150,2,43.46,0.71,"Beta","api","media","success"
19.52,12.11,151,1,74.5,11.54,"Delta","ui","baja","success"
19.38,3.94,151,0,92.41,5.47,"Delta","api","media","success"
12.38,17.73,133,0,83.92,16.39,"Beta","database","critica","rolled_back"
17.76,7.18,161,1,65.11,14.42,"Beta","database","media","failed"
11.59,17,144,1,61.16,118.26,"Beta","api","baja","success"
42.02,2.06,141,0,78.63,33.9,"Beta","core","media","success"
22.22,1.72,157,2,76.47,101.57,"Gamma","database","baja","success"
3.57,2.59,137,0,55.33,30.82,"Alpha","ui","media","success"
35.15,17.15,145,1,52.36,15.32,"Delta","database","baja","success"
15.9,8.05,161,2,86.91,64.5,"Delta","auth","baja","success"
25.55,17.61,142,2,42.45,16.22,"Beta","auth","media","success"
30.92,7.28,176,1,80.86,11.33,"Delta","ui","critica","success"
13.56,7.77,153,4,50.51,7.88,"Delta","database","baja","success"
3.8,5.74,142,2,90.09,0.96,"Beta","ui","baja","success"
20.02,9.76,158,2,55.98,40.81,"Alpha","database","baja","success"
28.04,4.78,151,1,84.49,14.28,"Beta","core","media","success"
43.96,16.25,143,2,76.71,6.71,"Delta","api","baja","success"
43.69,8.73,159,0,98.76,5.11,"Beta","core","baja","success"
5.35,14.92,147,2,52.2,14.8,"Alpha","ui","baja","success"
23.18,17.5,160,2,74.98,26.87,"Beta","auth","alta","success"
18.71,17.73,167,0,97.87,9.66,"Alpha","api","media","success"
18.48,7.52,130,3,86.54,14.77,"Alpha","database","alta","success"
15.35,11.7,143,0,68.54,73.65,"Alpha","ui","media","success"
31.19,2.44,146,2,58.57,5.46,"Beta","core","baja","success"
13.88,3.13,136,4,91.67,30.12,"Delta","database","media","success"
18.47,3.28,150,0,99.08,2.98,"Beta","auth","critica","failed"
44.57,4.08,135,0,75.06,3.1,"Beta","database","baja","success"
35.95,0.94,138,1,62.26,21.34,"Beta","database","media","success"
15.09,5.66,142,2,80.47,20.98,"Gamma","auth","media","success"
37.04,1.35,144,3,96.67,9.53,"Gamma","core","baja","rolled_back"
11.11,1.55,151,2,65.99,49.59,"Alpha","auth","media","success"
23.3,4.93,137,0,75.14,48.9,"Beta","core","media","success"
8.76,3.81,156,0,88.09,32.96,"Beta","api","baja","success"
6.71,3.71,162,1,90.43,2.88,"Beta","database","baja","failed"
40.55,11.9,139,2,43.37,101.25,"Delta","database","baja","failed"
5.58,2.94,138,1,57.17,46.49,"Beta","api","baja","success"
39.13,14.28,160,0,63.68,5.78,"Alpha","core","media","success"
13.53,19.54,144,1,57.85,12.92,"Delta","auth","alta","success"
2.69,14.11,158,1,80.33,40.53,"Beta","ui","baja","success"
35.75,19.22,162,2,68.66,86.08,"Gamma","auth","baja","success"
17.1,18.03,156,0,74.45,24.87,"Gamma","database","baja","success"
2.59,19.9,175,4,42.66,1.25,"Alpha","core","alta","success"
33.96,5.15,152,2,62.11,23.43,"Alpha","core","baja","success"
2.79,15.73,149,1,70.77,15.84,"Alpha","database","alta","failed"
20.37,14.11,144,2,53.45,14.1,"Gamma","api","media","success"
12.66,9,172,1,77.46,4.71,"Alpha","core","baja","rolled_back"
23.16,13.9,151,2,41.08,71.77,"Beta","api","media","success"
29.92,3.39,150,1,75.06,25.61,"Delta","api","critica","success"
5.14,0.93,142,2,76.2,74.93,"Beta","api","media","success"
9.35,3.14,150,2,42.15,20.26,"Beta","api","baja","success"
6.04,14,157,0,52.27,17.06,"Beta","auth","baja","success"
36.84,6.54,130,0,94.75,42.69,"Alpha","core","baja","success"
28.8,7.3,154,1,48.29,42.45,"Delta","database","critica","failed"
28.93,18.05,192,0,74.98,22.02,"Delta","ui","critica","rolled_back"
18.5,9.81,156,0,97.91,1.63,"Gamma","database","baja","rolled_back"
20.3,15.08,142,1,94.11,10.88,"Delta","api","baja","success"
16.67,12.9,144,0,52.27,0.42,"Beta","auth","baja","success"
36.02,16.36,166,0,58.06,2.17,"Delta","database","alta","success"
40.08,10.88,139,0,63.44,22.01,"Beta","api","media","rolled_back"
29.82,8.8,161,2,48.14,24.28,"Delta","api","media","success"
27.29,10.12,164,1,52.95,37.34,"Beta","auth","baja","success"
15.76,1.67,144,2,48.32,17.43,"Delta","api","media","success"
4.79,12.41,141,0,96.12,22.95,"Gamma","ui","baja","success"
27.23,12.74,151,1,61.03,8.5,"Delta","api","media","success"
9.26,3.55,171,0,78.99,4.59,"Gamma","core","alta","success"
33.75,8.59,160,1,45.52,11.12,"Delta","api","media","success"
14.28,6.01,157,0,55.96,26.41,"Delta","database","media","success"
29.3,7.92,155,1,86.89,22.57,"Beta","database","media","success"
6.93,15.84,147,4,90.47,21.64,"Gamma","core","media","success"
12.6,19.72,137,0,70.9,9.22,"Beta","database","critica","rolled_back"
37.19,10.41,151,2,72.47,66.91,"Delta","api","alta","success"
36.46,16.25,143,3,78.04,33.8,"Beta","ui","critica","success"
3.49,19.28,160,1,48.2,23.33,"Beta","api","media","success"
39.59,8.49,130,1,47.79,20.52,"Beta","api","baja","success"
7.07,17.77,159,3,62.37,1.62,"Gamma","ui","critica","success"
27.98,1.06,140,1,47.26,37.1,"Alpha","auth","alta","success"
21.93,13.88,158,0,83.81,64,"Delta","database","baja","success"
25.74,8.05,145,4,80.36,2.61,"Delta","api","alta","success"
33.27,6.01,128,1,85.9,44.39,"Beta","ui","media","success"
21.94,16.86,139,3,69.08,17.23,"Beta","api","baja","success"
44.5,11.73,142,2,78.4,104.25,"Delta","database","media","success"
44.33,13.08,148,1,52.39,4.1,"Beta","auth","media","success"
18.61,7.57,133,1,80.77,12.7,"Beta","auth","alta","success"
27.98,12.34,173,3,53.2,28.39,"Delta","auth","alta","success"
16.53,18.41,157,0,90.41,3.71,"Delta","auth","media","success"
20.51,17.11,171,0,63.93,0.55,"Alpha","api","critica","success"
11.47,19.86,148,0,81.74,34.8,"Delta","database","alta","success"
1.76,8.94,146,0,72.05,6.45,"Gamma","ui","critica","rolled_back"
2.54,17.57,166,0,79.37,3.88,"Alpha","api","media","failed"
4.06,7.61,110,2,78.36,20.78,"Delta","auth","media","success"
34.76,1.81,148,2,76.29,4.89,"Alpha","ui","critica","success"
21.9,8.3,149,2,95.95,3.01,"Beta","core","baja","success"
38.51,10.23,153,2,47.01,15.76,"Gamma","ui","baja","success"
26.8,15.49,150,0,54.06,0.37,"Gamma","api","baja","success"
9.63,5.01,159,1,58.92,28.01,"Delta","auth","alta","success"
27.99,8.18,145,0,40.82,8.36,"Alpha","api","baja","success"
40.36,8.63,133,1,72.51,14.46,"Alpha","api","baja","success"
36.05,15.64,140,1,52,50.32,"Delta","auth","baja","rolled_back"
23.43,10.8,143,0,57.29,15.8,"Delta","api","alta","success"
19.9,2.64,142,1,66.47,2.31,"Alpha","auth","media","success"
29.97,9.91,163,1,89.37,34.85,"Beta","auth","baja","success"
40.12,2.49,145,2,43.44,15.74,"Alpha","database","baja","success"
40.3,17.95,156,2,86.66,3.51,"Alpha","core","media","success"
9.26,11.24,132,1,51.93,17.16,"Delta","database","baja","success"
12.7,18.57,148,0,92.74,2.38,"Delta","api","baja","success"
6.43,15.64,173,2,66.7,16.28,"Delta","api","media","success"
36.18,13.02,169,1,91.78,15.8,"Delta","database","media","success"
6.26,7.16,164,0,91.39,5.95,"Delta","database","baja","success"
37.56,15.62,165,1,51.85,16.07,"Gamma","ui","critica","success"
35.04,6,178,2,50.73,5.59,"Beta","auth","alta","failed"
42.55,5.17,154,0,49.68,9.24,"Beta","ui","baja","success"
21.81,0.54,143,1,91.39,32.81,"Gamma","api","alta","failed"
42.38,8.01,158,3,44.3,16.58,"Beta","database","media","failed"
35.66,13.1,168,2,69.29,29.68,"Gamma","auth","baja","success"
39.55,16.34,184,2,79.4,40.93,"Alpha","api","baja","rolled_back"
18.66,4.07,148,0,51.66,36.74,"Gamma","database","media","success"
5.84,19.64,166,2,46.33,20.97,"Alpha","database","alta","success"
13.55,13.3,158,0,52.55,51.74,"Gamma","api","alta","success"
32.92,16.58,150,1,42.23,52.4,"Alpha","api","media","success"
17,18.5,149,1,85.76,11.47,"Delta","database","baja","success"
18.15,12.17,137,3,98.47,7.1,"Beta","core","media","success"
2.89,6.54,146,0,74.1,5.64,"Beta","ui","media","success"
24.18,15.69,143,0,69.72,72.62,"Alpha","api","baja","success"
6.77,15.26,144,2,91.08,16.25,"Alpha","database","baja","success"
40.01,17.46,163,1,99.39,10.07,"Beta","core","critica","failed"
4.75,9.07,171,1,85.64,3.98,"Beta","ui","baja","success"
35.61,16.92,143,0,73.51,35.6,"Alpha","core","alta","success"
38.65,13.05,146,1,57.73,18.78,"Gamma","database","critica","success"
3.12,7.94,145,0,74.83,9.72,"Alpha","core","alta","success"
13.47,2.92,157,1,59.89,7.26,"Beta","api","baja","success"
29.43,11.04,125,1,46.8,18.64,"Beta","auth","critica","success"
35.65,13.41,140,0,91.48,2.01,"Alpha","ui","media","failed"
18.9,1.66,173,2,91.65,59.34,"Beta","ui","media","failed"
42.19,18.13,162,0,48.3,14.71,"Beta","database","critica","success"
18.49,4.21,153,1,76.87,28.51,"Gamma","core","baja","success"
19.94,19.29,160,0,47.31,1.47,"Beta","api","critica","success"
13.96,2.3,138,0,89.62,12.78,"Gamma","auth","media","success"
28.11,2.79,148,1,50.17,21.6,"Gamma","auth","media","rolled_back"
25.81,9.3,158,1,81.44,18.07,"Alpha","core","baja","failed"
3.24,14.21,151,2,82.44,15.75,"Alpha","api","baja","success"
33.92,7.88,158,0,93.47,0.39,"Beta","api","baja","success"
10.48,6.46,132,1,82.91,65.46,"Alpha","auth","baja","failed"
30.06,14.22,146,0,75.83,25.53,"Alpha","auth","alta","success"
24.23,14.14,130,2,40.26,6.63,"Gamma","core","media","success"
29.05,14.94,146,0,47.49,8.98,"Alpha","auth","media","success"
28.36,8.87,148,1,73.95,2.4,"Alpha","core","baja","success"
13.89,4.5,129,2,73.11,14.94,"Gamma","api","media","failed"
11.24,8.34,152,1,61.37,1.63,"Alpha","auth","media","success"
24.95,6,139,1,50.63,7.02,"Alpha","database","baja","success"
44.84,15.17,173,1,42.02,112.01,"Alpha","core","baja","success"
15.81,11.32,135,1,68.34,30.19,"Delta","auth","alta","failed"
15.57,15.56,135,1,88.92,0.32,"Beta","api","alta","success"
3.04,10.49,147,1,54.94,23.03,"Delta","database","baja","success"
24.36,12.39,143,1,88.76,6.95,"Delta","database","media","success"
27.46,13.38,148,0,40.36,50.31,"Gamma","ui","critica","success"
33.78,13.73,161,1,52.88,27.48,"Gamma","database","critica","success"
42.95,2.94,155,0,49.21,11.05,"Alpha","core","media","success"
22.8,13.13,173,4,44.67,11.11,"Delta","ui","critica","success"
5.12,5.37,148,2,97.59,18.44,"Delta","auth","alta","success"
12.81,12.39,133,2,67.81,22.94,"Beta","api","media","success"
39.56,14.35,167,1,80.36,77.68,"Delta","ui","critica","success"
38.56,10.96,137,1,97.4,14.41,"Beta","ui","media","success"
38.17,15.07,136,2,62.24,10.14,"Delta","ui","baja","success"
42.69,16.49,154,3,55.82,3.68,"Delta","core","baja","success"
29.89,9.05,138,1,57.56,22.95,"Beta","api","baja","success"
22.73,15.34,137,2,58.68,80.06,"Delta","auth","media","success"
9.67,18.66,171,1,74.51,21.06,"Delta","auth","media","rolled_back"
32.52,15.83,152,0,42.3,9.56,"Alpha","core","baja","success"
5.2,19.13,162,1,48.75,92.41,"Gamma","database","alta","failed"
21.56,17.38,140,0,90.5,1.15,"Alpha","api","baja","success"
42.21,5.01,146,4,69.89,12.54,"Gamma","auth","baja","success"
38.27,14.32,146,1,98.17,28.26,"Gamma","auth","media","success"
32.65,16.15,150,1,74.9,2.22,"Gamma","ui","baja","success"
6.89,9.06,157,2,76.47,6,"Delta","auth","critica","success"
27.37,16.94,167,1,80.45,33.47,"Alpha","ui","alta","rolled_back"
44.56,3.19,146,1,44.81,7.1,"Gamma","ui","media","success"
28.27,10.64,149,1,86.65,47.31,"Delta","api","baja","success"
13.38,6.6,156,2,61.93,23.75,"Gamma","database","baja","success"
4.27,11.25,152,1,61.51,4,"Beta","database","media","success"
4.65,4.25,149,3,86.38,18.46,"Delta","ui","media","success"
39.5,19.37,155,0,73.99,3.46,"Delta","database","alta","success"
17.28,7.96,149,0,98.37,32.29,"Gamma","api","critica","success"
42.63,16.34,139,1,81.52,20.76,"Delta","core","critica","success"
25.79,6.34,148,0,44.69,21.2,"Beta","auth","alta","success"
23.8,10.75,168,2,67.03,42.63,"Gamma","auth","baja","success"
42.73,8.73,148,3,70.28,15.86,"Gamma","database","baja","success"
6.28,14.46,140,0,61.04,0.44,"Beta","auth","critica","failed"
37.12,3.48,156,1,83.77,39.32,"Delta","auth","baja","failed"
17.91,7.72,125,3,69.46,20.65,"Gamma","api","critica","success"
25.71,5.7,153,3,74.97,6.9,"Beta","database","media","success"
15.15,16.35,138,0,51.42,13.13,"Delta","database","media","success"
5.08,12.96,132,1,76.45,7.88,"Delta","ui","alta","success"
35.43,15.45,139,0,74.73,65.8,"Gamma","auth","media","success"
9.91,11.9,144,2,62.02,53.06,"Delta","database","media","success"
30.02,19.95,148,0,91.49,0.11,"Alpha","ui","media","failed"
20.43,7.19,148,0,70.47,28.76,"Gamma","core","media","success"
10.08,7.93,140,3,70.1,2.73,"Alpha","ui","media","success"
44.77,16.97,160,1,75.53,6.36,"Beta","database","baja","success"
20.93,7.89,145,2,70.85,4.38,"Delta","database","critica","success"
2.87,1.48,162,2,71.69,29.92,"Beta","api","critica","success"
42.26,1.09,152,4,52.5,5.16,"Delta","core","baja","success"
39.39,13.86,167,1,93.64,72.06,"Delta","auth","critica","failed"
27.65,17.06,125,1,68.77,10.4,"Gamma","ui","baja","success"
14.51,18.86,163,1,67.89,26.53,"Beta","database","media","success"
36.71,10.24,137,1,54.72,1.72,"Gamma","core","media","success"
42.92,7.16,157,2,75.67,24.4,"Beta","api","alta","success"
38.56,3.2,154,2,77.5,19.9,"Delta","api","baja","success"
7.04,13.19,141,2,95.55,13.5,"Alpha","api","media","success"
43.65,4.57,167,2,92.59,3.69,"Delta","api","baja","success"
25.73,6.12,152,0,99.95,3.39,"Alpha","core","media","failed"
1.73,9.53,162,0,63.07,33.74,"Alpha","api","baja","success"
7.41,10.08,138,0,62.57,46.18,"Gamma","api","media","success"
1.75,6.6,126,1,57.92,7.19,"Gamma","auth","baja","success"
37.03,15.96,157,3,69.85,23.19,"Delta","core","media","success"
35.52,5.59,135,1,64.82,62.23,"Alpha","core","media","success"
42,4.02,181,1,44.27,9.21,"Delta","database","media","success"
17.54,2.26,145,0,92.64,41.14,"Alpha","database","alta","success"
43.89,6.15,138,1,62.17,13.15,"Gamma","database","alta","rolled_back"
37.33,4.76,130,1,68.31,18.07,"Alpha","auth","baja","failed"
35.75,14.2,147,1,70.44,7.65,"Delta","api","critica","success"
28.59,10.7,146,0,40.61,38.6,"Gamma","auth","baja","success"
43.58,13.39,140,0,81.66,3.29,"Delta","ui","baja","success"
23.25,3.68,139,1,59.34,1.06,"Gamma","ui","baja","success"
40.38,15.91,160,3,83.13,1.73,"Delta","auth","critica","success"
18.95,4.4,143,2,84.33,13.52,"Delta","core","baja","success"
20.97,17.95,165,4,62.71,25.09,"Gamma","api","alta","success"
42.21,2.27,144,0,80.52,39.29,"Gamma","ui","critica","success"
31.22,15.7,135,1,95,2.92,"Gamma","database","critica","failed"
2.29,2.27,156,1,55.47,13.25,"Gamma","ui","media","success"
8.7,3.24,160,1,66.29,40.94,"Alpha","core","critica","success"
23.07,4.41,129,1,41.38,14.95,"Delta","database","baja","success"
20.05,11.44,138,2,80.55,7.46,"Beta","ui","media","failed"
44.65,13.33,160,1,65.29,10.8,"Gamma","auth","media","success"
40.17,7.23,158,4,47.27,4.97,"Gamma","database","baja","failed"
16.54,10.77,143,3,92.67,15.18,"Beta","database","media","success"
32.2,10.2,143,2,60.19,6.48,"Alpha","auth","alta","success"
41.03,6.67,156,1,95.37,50.58,"Gamma","ui","media","success"
30.92,16.5,145,0,79.1,76.24,"Beta","core","baja","success"
29.3,17.8,158,1,97.51,30.43,"Alpha","api","baja","failed"
8.01,12.37,147,1,47.08,6.21,"Beta","core","baja","success"
27.65,6.05,147,1,81.5,3.31,"Alpha","core","media","success"
13.36,11.45,161,1,52.94,6.6,"Beta","api","baja","success"
21.42,13.37,142,1,52.65,3.21,"Gamma","database","alta","success"
11.17,9.32,147,1,88.55,9.78,"Delta","api","media","success"
12.59,12.79,154,4,69.76,7.24,"Gamma","core","baja","failed"
29.94,13.26,152,2,89.57,3.37,"Beta","ui","media","success"
22.03,17.43,144,0,43.72,68.32,"Gamma","auth","baja","success"
8.5,2.83,133,1,64.43,26.26,"Beta","api","media","success"
13.34,17.18,139,0,53.84,47.79,"Alpha","database","media","rolled_back"
32.51,7.07,143,2,64.59,10.15,"Beta","ui","baja","success"
28.18,16.59,145,1,40.92,27.52,"Alpha","auth","alta","success"
7.25,18.97,141,1,40.03,17.1,"Delta","database","baja","success"
4.55,4.66,150,0,41.57,3.12,"Delta","auth","baja","success"
43.53,14.76,156,3,69.5,81.15,"Beta","ui","media","rolled_back"
17.52,11.31,137,1,90.09,25.01,"Beta","api","baja","success"
30.97,3.78,151,2,58.81,8.91,"Delta","core","media","failed"
38.3,5.78,160,0,43.25,44,"Alpha","ui","media","success"
12.01,2.64,134,2,71.03,6.6,"Gamma","api","baja","success"
3.03,1.89,152,1,58.27,1.98,"Delta","database","media","success"
27.39,3.79,154,1,84.8,11.63,"Beta","api","alta","success"
37.87,12.68,139,0,87.58,21.71,"Alpha","database","media","success"
17.26,14.52,153,1,69.04,4.09,"Gamma","core","baja","success"
15.95,12.94,159,0,76.27,100.55,"Beta","database","baja","success"
29.55,13.52,140,0,94.5,1.77,"Gamma","api","baja","success"
43.2,2.3,149,1,84.93,55.85,"Alpha","api","media","success"
27.43,6.05,170,1,96.67,44.71,"Gamma","api","media","success"
23.7,19.04,143,0,64.92,22.31,"Beta","core","media","success"
8.25,7.45,159,1,62.19,5.48,"Gamma","auth","alta","success"
38.29,3.57,156,1,69.22,40.13,"Delta","ui","alta","success"
10.83,16.8,160,4,65.3,0.23,"Alpha","api","baja","failed"
30.64,16.98,145,0,45.03,9.16,"Alpha","database","alta","success"
28.37,7.9,157,0,86.05,104.07,"Alpha","api","baja","success"
3.67,13.8,156,1,68.3,35.26,"Alpha","ui","media","success"
42.8,9.8,160,1,63.85,37.05,"Alpha","api","baja","success"
26.84,3.45,159,1,87.23,19.66,"Beta","api","baja","success"
38.95,12.94,164,2,78.83,0.83,"Alpha","core","baja","rolled_back"
24.05,16.59,148,0,70.02,2.42,"Alpha","database","baja","rolled_back"
13.08,8.84,171,0,73.86,5.19,"Alpha","auth","baja","success"
27.49,9.19,149,0,97.86,66.03,"Beta","database","baja","failed"
36.11,5.01,134,4,87.47,91.7,"Gamma","ui","media","failed"
31.48,2.02,145,2,63.43,17.5,"Alpha","auth","baja","success"
22.41,7.13,150,1,68.45,11.64,"Gamma","database","baja","success"
21.77,4.89,139,0,84.78,0.42,"Beta","ui","media","success"
28.4,3.23,144,1,46.84,16.88,"Alpha","database","media","rolled_back"
21.04,11.59,141,2,48.75,100.44,"Delta","core","baja","success"
27.72,13.77,155,1,92.04,55.1,"Beta","database","baja","success"
1.7,6.88,151,0,51.31,11.47,"Alpha","api","critica","success"
44.78,18.22,154,3,86.58,9.82,"Gamma","api","media","success"
19.18,5.26,147,0,43.1,10.59,"Beta","database","media","success"
6.63,12.13,153,0,67.83,17.89,"Beta","api","media","success"
39.32,13.54,119,2,89.86,9.51,"Alpha","auth","baja","success"
25,15.94,147,4,50.95,30.77,"Alpha","api","baja","success"
39.85,9.12,162,1,43.22,2.04,"Beta","core","media","success"
3.13,5.52,157,0,63.36,18.36,"Alpha","ui","media","success"
39.84,11.45,153,1,47.71,90.38,"Gamma","api","baja","success"
32.92,9.16,159,3,65.95,26.12,"Alpha","core","alta","rolled_back"
34.99,11.49,138,0,61.93,17.27,"Beta","core","media","success"
39.07,9.19,150,1,44.16,97.59,"Alpha","auth","baja","success"
23.28,18.93,146,3,40.09,25.11,"Alpha","core","baja","success"
41.78,1.99,150,2,55.97,14.18,"Beta","ui","baja","success"
10.55,6.89,154,1,63.69,12.46,"Gamma","database","alta","success"
2.68,10.94,154,1,63.57,48.22,"Delta","auth","baja","success"
15.24,13.65,164,1,42.65,36.82,"Alpha","ui","media","success"
30.21,13.84,171,1,50.29,20.86,"Gamma","api","media","success"
15.19,0.61,133,0,96.83,73.45,"Beta","ui","critica","success"
42.58,15.18,167,1,66.64,17.91,"Gamma","ui","media","success"
35.39,5.7,169,0,69.2,6.31,"Alpha","core","media","success"
16.27,18.16,138,2,75.27,36.21,"Beta","ui","media","failed"
22.45,9.91,164,0,72.4,49.86,"Delta","core","media","success"
19.6,1.87,134,3,93.84,31.81,"Beta","api","baja","success"
35.27,7.4,147,0,94.23,9.49,"Beta","ui","baja","success"
22.62,14.77,139,1,53.42,9.82,"Gamma","ui","baja","success"
2.17,10.02,141,1,55.23,11.63,"Delta","core","alta","success"
29.45,15.39,141,0,45.39,8.04,"Alpha","api","media","success"
11.72,5.79,135,0,84.08,1.21,"Alpha","core","media","success"
34,8.63,147,2,54.32,11.13,"Delta","ui","baja","success"
14.36,14.89,143,3,71.68,26.89,"Alpha","api","critica","success"
40.92,14.67,158,2,79.75,63.61,"Delta","core","baja","success"
38.62,4.58,134,1,79.78,19.07,"Beta","api","media","success"
21.6,2.03,148,3,75.3,22.42,"Alpha","core","baja","success"
4.6,10.75,130,1,41.71,25.39,"Beta","auth","media","success"
26.63,11.91,152,2,49.07,1.29,"Delta","auth","alta","success"
26.71,2.16,139,2,90.94,3.97,"Gamma","core","media","success"
44.72,0.52,158,0,45.71,1.5,"Beta","database","alta","success"
16.08,3.86,133,1,89.21,15.98,"Beta","core","alta","success"
30.51,12.64,148,2,86.53,2.59,"Gamma","api","media","success"
42.33,14.52,161,1,99.01,19.86,"Delta","database","baja","success"
26.51,18.93,154,1,94.04,1.17,"Beta","auth","baja","success"
31.59,9.8,147,2,66.05,37.46,"Gamma","auth","media","rolled_back"
5.4,18.8,157,1,89.63,45.76,"Gamma","core","media","success"
39.19,8.18,151,1,76.95,25.36,"Beta","auth","critica","success"
23.3,0.58,140,0,83.6,13.9,"Delta","core","media","success"
11.21,0.87,147,1,70.51,3.34,"Alpha","database","alta","success"
19.44,14.22,160,0,51.67,16.7,"Beta","database","baja","success"
40.05,19.22,155,4,97.33,43.78,"Beta","database","media","success"
23.06,7.58,166,1,98.21,16.1,"Alpha","ui","alta","success"
30.76,7.89,155,2,44.4,57.36,"Delta","ui","media","rolled_back"
13.79,10.06,158,3,97.86,13.23,"Delta","database","media","success"
37.04,18.6,139,1,52.07,7.52,"Beta","database","baja","success"
12.21,0.76,139,1,55.96,5.04,"Gamma","auth","media","failed"
17.58,2.63,172,1,68.05,7.55,"Gamma","core","alta","success"
11.75,13.17,160,0,74.98,1.19,"Beta","database","media","failed"
42.21,4.91,170,3,41.74,23.49,"Alpha","ui","alta","success"
19.56,6.33,150,3,56.89,16.48,"Alpha","auth","baja","success"
7.48,17.3,139,1,67.12,0.92,"Gamma","api","alta","success"
41.27,13.09,161,1,61.58,54.68,"Beta","core","media","success"
16.62,7.32,175,2,74.18,2.14,"Gamma","core","baja","rolled_back"
38.6,8.77,154,1,87.81,4.19,"Alpha","ui","baja","success"
7.7,10,149,2,89.42,52.35,"Delta","core","alta","success"
17.14,3.48,179,0,52.28,31.82,"Alpha","core","alta","success"
12.18,11.1,147,0,93.55,8.05,"Beta","core","baja","success"
3.5,12.79,151,1,57.39,2.5,"Delta","database","alta","success"
35.63,8.6,144,0,42.71,37.88,"Beta","api","media","success"
10.16,14.62,160,0,40.68,2.64,"Alpha","api","media","success"
18.55,18.55,148,2,96.75,33.82,"Delta","core","baja","success"
15.57,10.67,158,2,87.5,43.97,"Delta","auth","alta","success"
27.69,9.01,140,5,59.04,25.24,"Delta","database","critica","rolled_back"
25.05,14.44,137,2,63.44,14.1,"Delta","auth","media","success"
44.6,5.7,158,3,92.1,41.69,"Alpha","core","baja","success"
12.54,6.77,150,2,40.75,45.85,"Beta","ui","critica","success"
33.48,2.99,140,1,54.3,78.8,"Gamma","api","alta","success"
44.03,18.06,150,2,97.96,4.54,"Delta","ui","baja","success"
25.78,19.35,150,1,83.91,66.68,"Beta","database","baja","success"
18.58,7.52,142,1,88.79,20.75,"Delta","core","baja","success"
37.37,10.6,144,5,64.51,13.76,"Gamma","core","media","failed"
6.39,5.98,147,2,40.8,49.53,"Beta","auth","critica","success"
24.81,3.69,134,3,77.6,22,"Beta","database","media","success"
20.81,17.1,163,0,57.17,33.95,"Beta","ui","baja","success"
13.42,8.74,119,2,56.73,20.5,"Beta","database","baja","success"
8.35,17.42,137,2,77.63,7.43,"Gamma","ui","critica","success"
39.42,12.62,172,1,63.69,1.86,"Alpha","auth","media","success"
25.95,15.16,151,2,55.41,7.24,"Gamma","api","alta","success"
25.46,1.04,155,2,92.73,0.82,"Alpha","ui","media","success"
27.27,11.95,150,0,72.85,4.26,"Alpha","core","media","success"
33.16,1.37,172,3,67.13,23.29,"Alpha","ui","baja","success"
29.29,18.92,151,1,98.51,58.72,"Beta","auth","baja","success"
28.23,9.26,147,1,60.3,44.47,"Gamma","core","alta","success"
3.78,3.54,132,1,47.81,45.68,"Delta","database","media","success"
26.08,11.53,138,0,63.05,50.05,"Beta","ui","alta","success"
27.05,17.51,146,1,81.34,23.72,"Gamma","core","baja","success"
28.84,1.73,149,1,75.66,3.13,"Delta","auth","media","success"
28.55,19.16,137,0,95.94,28.27,"Delta","database","media","success"
5.08,17.3,173,0,49.22,8.48,"Alpha","api","alta","success"
4.88,10.67,143,2,41.36,40.14,"Alpha","api","media","failed"
31.39,16.84,153,1,92.21,18.74,"Gamma","core","media","success"
37.62,14.56,130,1,76.54,7.8,"Beta","core","baja","success"
7.85,19.96,156,0,61.57,1.04,"Gamma","core","baja","success"
35.58,14.71,135,1,67.38,23.41,"Gamma","auth","alta","success"
22.66,10.26,139,1,60.54,41.14,"Delta","auth","alta","success"
44.53,17.73,149,0,65.57,10.64,"Beta","database","critica","success"
23.21,4.23,162,0,63.78,13.06,"Gamma","ui","critica","success"
25.96,4.31,129,2,48.79,17.54,"Alpha","api","media","success"
17.95,1.76,135,0,47.67,47.69,"Beta","core","media","success"
24.06,16.39,147,0,57.91,11.97,"Gamma","core","baja","success"
4.73,14.16,151,2,86.49,46.63,"Beta","database","media","success"
24.92,1.35,162,1,51.88,2.88,"Gamma","core","alta","success"
43.31,18.43,155,1,50.19,23.42,"Alpha","auth","baja","success"
24.46,19.63,147,3,99.7,46.73,"Beta","database","baja","success"
20.52,16.41,155,2,91.44,1.86,"Beta","database","media","success"
2.9,6.04,148,0,72.58,5.06,"Beta","auth","baja","success"
3.14,9.29,151,2,47.17,37.68,"Beta","auth","media","success"
3.56,7.83,146,1,42.32,54.03,"Alpha","database","alta","success"
8.5,1.68,151,4,41.78,33.09,"Beta","core","media","success"
21.91,12.24,156,0,40.11,57.94,"Beta","core","media","success"
36.56,6.89,161,0,64.5,16.03,"Delta","core","alta","rolled_back"
13.71,2.56,145,0,81.05,26.66,"Gamma","ui","baja","rolled_back"
34.33,0.52,156,1,61.54,9.89,"Gamma","ui","baja","success"
24.2,8.23,164,1,68.96,2.14,"Delta","core","media","success"
14.07,6.95,139,5,67.67,5.62,"Gamma","api","baja","success"
2.26,10.73,158,4,94.96,5.05,"Gamma","ui","media","success"
30.57,7.97,142,2,65.45,3.66,"Gamma","core","critica","success"
4.41,7.66,151,0,71.1,67.24,"Gamma","ui","baja","success"
37.88,0.86,157,3,43.19,36.95,"Beta","database","media","success"
7.39,19.58,182,0,59.68,20.52,"Alpha","core","media","success"
30.03,11.22,141,2,98.2,5.96,"Gamma","ui","media","success"
37.95,1.22,144,2,44.2,4.12,"Gamma","api","alta","success"
12.71,10.52,141,0,56.83,2.22,"Gamma","auth","alta","success"
7.42,9.43,149,1,70.27,11.14,"Alpha","auth","media","success"
34.71,10.45,133,2,88.72,1.72,"Beta","core","media","success"
10.72,17.68,141,1,88.14,24.91,"Alpha","database","baja","success"
13.16,1.45,136,0,86.94,31.93,"Alpha","ui","media","success"
24.63,4.43,157,0,49.51,5.78,"Beta","auth","media","success"
22.12,1.52,138,3,49.4,0.72,"Beta","core","media","success"
17.74,9.17,173,1,69.74,49.85,"Beta","database","baja","success"
35.23,2.91,151,1,66.53,1.39,"Alpha","core","alta","failed"
25.78,19.49,141,1,52.91,17.83,"Gamma","api","media","rolled_back"
8.25,2.9,134,0,84.99,0.37,"Delta","database","alta","success"
44.54,1.1,166,1,73.91,32.38,"Delta","core","critica","success"
12.13,10.13,149,1,76.37,5.23,"Gamma","api","media","success"
7.17,4.61,164,1,97.17,47.2,"Delta","database","critica","success"
10.75,8.88,164,4,48.63,30.33,"Alpha","api","media","failed"
18.03,2.75,167,0,42.26,10.9,"Alpha","core","media","success"
17.14,6,173,1,45.83,6.27,"Delta","core","baja","success"
14.67,14.84,149,1,82.35,19.86,"Delta","database","media","success"
3.43,5.96,155,4,81.52,13.23,"Gamma","api","alta","success"
42.16,4.27,184,4,72.96,16.72,"Alpha","api","baja","success"
26.24,2.29,141,0,71.13,50.94,"Gamma","ui","media","success"
11.1,13.76,160,0,79.41,23.99,"Alpha","database","alta","success"
39.69,5.46,163,2,86.75,2.08,"Delta","core","media","success"
21.83,5.55,149,1,79.1,4.71,"Gamma","core","critica","success"
25.09,3.41,135,0,89.37,2.58,"Delta","ui","baja","success"
35.62,9.07,149,3,90.43,8.84,"Gamma","core","baja","failed"
29.68,13.47,153,1,62.6,9.21,"Delta","auth","baja","success"
7.8,16.18,141,0,70.05,31.86,"Alpha","database","baja","success"
15.49,18.57,150,3,82.45,24.62,"Delta","auth","media","success"
42.87,11.31,149,1,98.87,10.42,"Beta","auth","baja","success"
9.69,13.41,141,2,77.84,71.18,"Beta","ui","media","success"
34.14,1.01,173,0,65.63,36.31,"Alpha","database","baja","success"
21.47,18.15,156,1,45.33,8.01,"Beta","database","media","success"
7.65,6.27,132,1,70.64,92.63,"Gamma","database","baja","failed"
10.43,6.67,143,3,91.32,42.27,"Beta","auth","media","success"
30.88,15.36,151,0,94.96,78.79,"Delta","ui","baja","success"
7.5,2.25,146,3,54.35,5.38,"Beta","core","alta","success"
19.58,19.39,141,0,76.79,7.79,"Delta","database","baja","success"
21.13,16.77,161,1,92.49,1.05,"Alpha","database","media","success"
28.6,3.08,149,2,40.05,9.05,"Beta","core","baja","failed"
12.43,2.86,163,1,42.2,16.93,"Alpha","database","critica","success"
21.69,8.49,140,0,63.55,39.16,"Delta","database","baja","success"
8.7,2.66,121,1,74.48,11.21,"Beta","auth","media","success"
38.81,9.62,147,2,57.63,12.08,"Gamma","api","media","success"
8.31,15.68,159,1,90.59,16.12,"Alpha","ui","media","success"
5.34,5.02,133,1,97.75,31.45,"Alpha","auth","media","success"
40.36,8.05,163,1,51.3,6.14,"Beta","database","baja","rolled_back"
14.58,2.13,145,0,60.37,42.62,"Alpha","api","baja","success"
34.22,4.11,148,0,45.05,14.8,"Alpha","database","media","success"
18.97,19.36,155,0,60.62,41.33,"Beta","api","media","success"
21.01,13.82,142,1,57.49,58.18,"Delta","core","baja","success"
8.45,18.64,154,1,44.86,42.58,"Gamma","auth","alta","success"
7.79,12.03,162,0,97.55,42.7,"Delta","ui","critica","success"
7.99,2.06,136,1,63.35,53.68,"Delta","database","baja","success"
23.88,16.98,166,1,61.73,41.32,"Delta","database","baja","success"
22.94,1.08,177,2,59.13,61.85,"Delta","database","critica","success"
28.31,16.39,149,0,79.31,1.19,"Gamma","api","baja","success"
20.96,8.12,159,1,48.58,1.21,"Beta","auth","alta","success"
3.92,3.3,146,0,44.04,46.96,"Beta","api","baja","success"
1.73,13.5,125,2,77.53,12.12,"Gamma","database","alta","success"
11.15,12.56,163,1,84.83,27.79,"Alpha","ui","media","success"
38.52,9.25,137,0,63.49,4.17,"Alpha","auth","media","success"
13.13,16.23,150,1,81.05,17.86,"Alpha","core","baja","success"
27.54,17.48,162,1,74.22,0.7,"Delta","database","media","failed"
27.97,19.73,162,1,82.3,46.61,"Alpha","core","media","failed"
44.66,8.35,158,2,51.86,52.35,"Gamma","auth","alta","success"
9.82,7.37,171,0,53.21,72.09,"Gamma","auth","baja","rolled_back"
34.27,2.88,136,0,54.94,9.04,"Delta","auth","baja","rolled_back"
12.04,19.82,131,2,45.64,9.24,"Beta","auth","baja","success"
15.74,18.75,142,1,88.54,8,"Beta","auth","baja","success"
1.65,18.81,135,0,76.52,27.12,"Delta","database","media","success"
44.89,8.45,159,1,65.62,8.17,"Delta","core","critica","success"
20.56,15.56,143,0,85.07,28.41,"Delta","core","critica","success"
44.9,8.07,153,1,45.81,33.31,"Delta","auth","baja","success"
10.06,1.14,160,1,85.29,15.06,"Alpha","api","baja","success"
6.35,8.23,147,0,80.32,22.06,"Beta","auth","critica","success"
12.41,19.2,145,1,86.25,5.01,"Beta","api","baja","success"
31.1,10.69,158,2,45.19,1.16,"Beta","api","alta","success"
26.61,13.64,132,1,95.86,31.09,"Gamma","ui","media","success"
19.61,0.7,140,1,78.45,142.77,"Beta","api","baja","success"
33.22,10.36,149,0,89.26,26.16,"Beta","core","media","success"
26.48,15.18,136,2,46.77,8.79,"Beta","database","baja","success"
26.63,9.31,162,0,60.26,9.01,"Delta","api","media","success"
27.16,15.41,150,2,88.4,19.55,"Gamma","api","baja","failed"
11.2,11.47,142,0,58.7,3.12,"Delta","ui","media","success"
6,14.84,156,1,50.08,2.37,"Delta","ui","media","success"
33.54,14.74,148,0,41.3,29.43,"Alpha","database","media","success"
28.14,7.14,149,3,45.88,2.9,"Alpha","core","baja","success"
42.88,14.1,134,2,56.64,5.38,"Gamma","api","baja","success"
43.25,11.02,144,2,94.72,20.67,"Alpha","ui","media","success"
33.9,17.64,138,2,86.56,18.91,"Alpha","api","baja","success"
20.42,1.98,159,1,67.47,21.85,"Beta","core","baja","success"
9.1,7.84,128,1,67.63,3.31,"Beta","auth","baja","rolled_back"
20.44,12.99,148,0,73.95,8.73,"Beta","auth","media","failed"
34.67,0.99,166,0,86.54,15.8,"Delta","auth","media","failed"
41.48,4.54,139,1,51.64,8.48,"Delta","auth","critica","success"
40.94,12.86,136,1,90.52,48.96,"Delta","ui","media","success"
36.97,18.17,144,0,62.6,13.25,"Beta","database","media","success"
10.19,10.17,160,1,89.29,73.08,"Alpha","ui","baja","success"
3.66,3.96,166,0,41.74,4.41,"Gamma","api","critica","success"
22.33,15.22,149,1,98.87,5.26,"Gamma","database","alta","success"
27.18,0.88,169,2,81.83,8.63,"Alpha","core","baja","success"
5.7,12.59,173,0,87.74,72.77,"Alpha","api","alta","failed"
42.86,11.59,155,1,70.91,16.63,"Gamma","ui","critica","success"
8.58,3.45,158,0,58.07,53.54,"Delta","ui","critica","success"
41.59,1.5,141,0,47.68,8.9,"Beta","auth","baja","success"
7.06,1.32,134,1,55.26,23.94,"Alpha","ui","alta","success"
30.33,3.95,137,0,87.94,36.08,"Gamma","auth","baja","success"
35.61,5.28,112,1,96.62,5.95,"Alpha","core","alta","success"
34.76,15.89,141,4,81.72,11.46,"Alpha","auth","baja","success"
30.76,3.89,142,2,69.73,3.81,"Gamma","core","critica","success"
6.53,19.4,159,0,66.91,38.01,"Delta","core","baja","success"
38.53,10.08,158,0,91.82,11.46,"Beta","database","baja","success"
28.38,8.23,154,1,49.38,7.71,"Gamma","database","critica","success"
37.88,10.44,130,1,62.98,7.83,"Delta","database","baja","success"
8.89,16.77,161,2,55.54,8.51,"Gamma","core","media","failed"
1.95,1.59,134,1,54.98,1.07,"Beta","auth","baja","success"
15.57,2.14,147,3,57.95,27.31,"Gamma","api","baja","success"
13.23,18.69,143,0,87.46,0.34,"Alpha","core","alta","rolled_back"
37.4,19.19,153,1,51.54,26.18,"Beta","database","baja","success"
42.11,8.24,138,1,42.18,2.41,"Delta","auth","baja","success"
7.06,10.21,140,4,80.97,18.75,"Delta","core","media","success"
41.23,8.31,146,1,68.83,47.3,"Delta","api","baja","success"
27.83,4.75,146,3,82.9,3.04,"Alpha","ui","baja","failed"
18.91,15.1,147,1,41.39,2.55,"Alpha","ui","media","failed"
30.46,13.26,151,0,61.67,13.27,"Beta","ui","alta","success"
34.89,10.65,144,1,91.7,28.56,"Alpha","core","media","failed"
24.2,4.58,159,1,57.84,0.09,"Delta","auth","baja","failed"
18.66,14.86,143,3,57.07,3.67,"Delta","auth","alta","success"
43.51,10.64,133,0,91.99,9.54,"Delta","api","media","success"
3.63,3.76,178,1,59.66,4.27,"Alpha","ui","baja","success"
8.17,11.04,127,2,50.57,4.78,"Alpha","core","baja","success"
31.81,7.87,150,1,86.99,0.67,"Delta","database","alta","success"
33.16,17.64,162,1,57.72,39.9,"Beta","database","baja","success"
6.21,17.46,135,0,44.24,8.3,"Delta","ui","baja","success"
21.71,6.07,147,2,56.8,19.37,"Delta","ui","baja","success"
29.43,6.35,157,2,44.36,21.07,"Delta","ui","alta","success"
18.77,7.4,136,1,66.27,35.26,"Delta","api","alta","success"
44.58,9.53,171,0,72.55,31.55,"Gamma","api","baja","rolled_back"
31.02,11.21,162,3,52.66,48.29,"Gamma","auth","baja","rolled_back"
15.22,9.84,151,1,59.99,7.65,"Beta","api","baja","success"
8.19,16.4,126,0,60.31,19.35,"Delta","core","media","success"
14.6,4.05,170,0,85.16,75.97,"Beta","auth","baja","success"
5.61,19.43,169,3,72.91,26.01,"Gamma","database","media","failed"
2.67,12.92,141,2,78.26,11.7,"Gamma","api","critica","success"
15.01,18.89,150,1,50.89,37.97,"Alpha","ui","alta","success"
33.8,10.65,127,1,80.66,0.48,"Beta","core","baja","success"
43.26,16.71,129,1,59.37,15.02,"Gamma","ui","alta","success"
19.59,19.44,171,4,44.53,32.12,"Alpha","database","media","success"
24.22,1.06,146,0,93.61,11.84,"Beta","core","media","success"
4.44,3.93,162,0,97.33,1.64,"Gamma","ui","media","success"
28.9,16.65,139,0,69.99,68.79,"Gamma","core","media","success"
16.87,12.67,162,2,41.31,1.49,"Delta","ui","media","failed"
19.98,15.6,161,0,95.76,18.35,"Delta","ui","media","success"
43.42,15.45,154,0,86.13,12.58,"Delta","auth","media","success"
31.12,5.23,155,0,40.67,71.57,"Beta","auth","baja","success"
32.75,5.16,153,0,47.55,66.7,"Delta","ui","alta","success"
8.92,6.08,155,2,97.99,5.38,"Beta","api","media","success"
10.36,1.99,152,0,46.33,28.69,"Beta","core","media","success"
39.63,2.17,176,1,76.89,25.74,"Gamma","auth","baja","success"
37.93,11.56,148,0,78.46,111.96,"Alpha","core","alta","failed"
32.85,10.15,128,0,88.16,27.71,"Gamma","ui","baja","success"
13.73,5.87,157,0,65.58,22.44,"Delta","core","baja","success"
10.63,10.95,169,1,99.14,23.16,"Beta","auth","alta","success"
23,10.52,149,1,53.84,23.3,"Delta","core","baja","success"
24.2,1.28,146,1,95.85,18.15,"Beta","api","baja","success"
11.06,8.84,142,0,46.61,32.2,"Gamma","api","baja","success"
34.7,1.61,151,1,63.67,2.49,"Beta","api","alta","success"
2.57,8.04,163,2,77.49,143.45,"Gamma","api","media","success"
32.45,11.6,133,1,85.47,20.9,"Alpha","database","media","success"
38.08,3.11,140,0,86.68,42.09,"Beta","database","critica","success"
41.99,3.47,156,3,84.42,33.02,"Gamma","ui","media","failed"
30.3,6.36,158,2,73.59,0.6,"Delta","api","alta","success"
13.24,7.96,147,0,73.13,41.4,"Gamma","auth","baja","success"
10.99,4.39,136,1,76.74,7.66,"Gamma","api","baja","failed"
39.25,16.94,174,1,77.07,73.09,"Gamma","auth","baja","success"
2.57,6.55,146,1,80.87,74.59,"Beta","ui","critica","success"
38.48,7.03,148,0,46.09,0.89,"Delta","auth","baja","success"
24.29,13.82,132,3,71.25,25.34,"Beta","core","baja","success"
20.44,11.24,160,3,81.36,1.2,"Beta","database","media","success"
42.01,2.86,127,2,59.85,29.89,"Beta","core","media","success"
8.66,14.75,172,0,41,68.27,"Alpha","auth","baja","success"
17.98,8.38,153,2,53.1,6.25,"Alpha","database","media","success"
7.5,3.04,159,0,47.01,8.02,"Gamma","ui","alta","success"
8.01,16.35,163,0,95.21,1.74,"Beta","database","alta","success"
30.93,17.91,129,1,41.07,0.18,"Gamma","auth","media","success"
25.95,18.7,127,3,96.4,55.02,"Beta","core","baja","rolled_back"
22.02,16.5,160,0,61.18,22.84,"Alpha","database","baja","success"
36.78,9.43,143,2,88.19,47.72,"Gamma","ui","baja","success"
43.36,18.02,161,2,63.26,1.24,"Delta","ui","media","success"
23.92,6.73,153,0,43.98,1.99,"Beta","database","baja","success"
32.11,7.03,148,2,52.08,18.53,"Gamma","core","baja","success"
9.37,14.16,152,0,80.9,15.61,"Beta","api","alta","success"
16.94,1.9,149,0,95.3,20.82,"Alpha","ui","critica","success"
3.67,10.64,158,3,89.54,26.07,"Alpha","ui","baja","success"
8.14,14.06,152,0,64.43,3.94,"Alpha","auth","media","failed"
5.82,14.54,168,3,61.26,22.66,"Gamma","core","media","rolled_back"
13.69,14.77,144,2,72.03,27.11,"Delta","api","baja","success"
18.35,19.09,160,1,41.56,12,"Beta","database","baja","success"
29.09,19.89,148,3,73.68,25.24,"Delta","core","baja","success"
32.26,7.91,143,1,91.99,20.08,"Alpha","core","baja","success"
15.68,19.17,151,2,81.64,14.75,"Alpha","api","media","success"
43.49,11.89,145,3,62.81,35.05,"Beta","api","baja","success"
31.8,6.76,129,2,58.24,26.71,"Delta","auth","baja","success"
8.51,2.36,148,0,74.92,2.84,"Alpha","auth","media","success"
17.55,3.56,151,3,71.83,71.87,"Delta","ui","critica","success"
14.65,3.13,141,1,78.11,13.46,"Delta","database","baja","success"
21.42,14.79,147,0,46.27,3.18,"Alpha","auth","baja","success"
37.31,5.84,170,1,53.3,13.92,"Alpha","database","baja","success"
11.62,19.55,123,1,75.6,13.67,"Gamma","database","media","success"
19,7.76,166,2,91.05,8.73,"Delta","auth","media","success"
43.77,2.81,152,2,94.61,15.83,"Alpha","ui","alta","success"
6.91,3.12,134,1,99.53,5.01,"Delta","core","alta","success"
28.92,4.74,148,0,58.64,43.86,"Gamma","auth","baja","success"
32.12,17.82,146,2,95.88,29.98,"Delta","database","alta","success"
27.22,19.21,165,1,97.16,30.29,"Beta","api","baja","failed"
44.85,4.05,152,1,80.81,15.2,"Alpha","api","baja","success"
3.47,19.35,143,2,49.35,1.96,"Delta","database","media","success"
44.57,5.31,142,1,41.73,26.07,"Gamma","database","baja","success"
33.92,11.75,148,1,76.27,2.96,"Beta","ui","alta","success"
20.5,2.76,160,3,40.59,9.16,"Gamma","core","baja","success"
8.16,1.53,171,1,66.6,24.19,"Gamma","ui","baja","success"
21.03,9.22,147,0,78.82,10.51,"Delta","database","media","success"
9.61,6.23,137,1,95.05,30.73,"Gamma","core","media","failed"
20.05,8.28,147,1,72.04,35.07,"Beta","ui","critica","success"
37.2,17.63,150,4,42.73,30.88,"Delta","core","media","success"
3.69,14.51,135,0,61.2,16.66,"Gamma","core","alta","success"
15.65,19.7,163,1,45.69,7.21,"Delta","core","alta","success"
38.14,0.54,153,0,78.21,0.91,"Delta","api","media","success"
3.25,10.13,148,0,80.26,38.78,"Delta","database","critica","success"
35.95,7.54,162,2,78.49,61.97,"Beta","api","media","success"
43.33,5.65,149,0,64.46,24.99,"Alpha","core","baja","failed"
30.25,6.08,164,3,71.53,14.95,"Delta","ui","alta","success"
1.88,12.59,145,0,89.91,12.54,"Beta","database","baja","success"
21.76,17.18,176,0,79.84,0.05,"Delta","database","media","failed"
32.67,11.37,152,2,64.88,35.89,"Gamma","api","media","success"
2.73,3.9,155,2,98.65,98.71,"Beta","ui","alta","success"
38.28,4.04,158,0,87.46,28.31,"Delta","ui","baja","success"
33.97,3.69,140,0,50.4,14.97,"Alpha","database","critica","success"
12.99,14.6,159,2,53.79,5.04,"Beta","api","baja","success"
33.95,19.23,159,0,51.44,4.5,"Beta","core","media","success"
30.71,18.4,150,2,68.6,63.84,"Beta","database","alta","success"
8.98,8.79,165,0,44.2,3.93,"Gamma","auth","alta","rolled_back"
30.63,10.35,143,2,72.86,5.44,"Alpha","auth","baja","success"
41.97,15.76,143,1,64.3,26.84,"Gamma","api","media","success"
38.52,14.82,131,2,41.95,23.62,"Delta","database","baja","success"
35.48,9.48,130,0,77.04,8.6,"Alpha","auth","alta","success"
31.33,12.19,150,1,83.94,0.15,"Gamma","database","media","failed"
27.22,19.17,135,1,79.15,12.01,"Gamma","ui","alta","success"
19.04,13.72,156,0,70.41,7.69,"Alpha","database","critica","success"
7.08,8.54,157,0,75.87,20.83,"Beta","ui","alta","success"
37.18,8.6,139,0,70.51,75.36,"Alpha","core","alta","success"
32.68,2.52,169,3,40.15,11.96,"Gamma","ui","baja","success"
35.79,17.75,134,0,74.34,71.71,"Gamma","core","media","success"
2.3,19.75,136,0,74.02,0.44,"Gamma","auth","media","success"
9.09,12.04,156,1,97.73,40.74,"Beta","database","baja","success"
27.54,18.14,151,0,48.77,5.86,"Alpha","api","media","success"
5.01,6.5,119,0,88.96,15.07,"Alpha","ui","baja","success"
32.27,13.68,148,1,42.89,18.11,"Gamma","auth","media","success"
26.02,14.85,134,1,77.22,10.87,"Beta","database","baja","success"
13.8,8.45,153,0,86.88,24.99,"Beta","database","baja","rolled_back"
18.55,16.7,171,1,43.23,72.18,"Beta","core","media","success"
30.76,12.28,159,1,88.98,4.31,"Delta","api","baja","success"
8.55,9.67,146,0,76.24,23.7,"Alpha","ui","alta","success"
6.22,3.52,146,0,80.51,25.61,"Delta","database","baja","success"
24.7,0.57,135,4,57.09,10.28,"Beta","api","baja","success"
5.99,18.58,158,1,74.45,9.19,"Alpha","core","media","success"
5.56,19.01,121,2,74.69,8.27,"Delta","database","baja","success"
29.34,10.3,156,0,54.39,8.17,"Delta","api","baja","success"
26.04,4.92,151,2,81.67,11.27,"Beta","auth","baja","success"
14.79,17.31,144,2,92.12,22.82,"Delta","database","alta","success"
13.07,7.59,123,0,44.87,12.18,"Beta","database","baja","rolled_back"
29.01,10.05,154,0,99.87,2.06,"Beta","auth","alta","success"
37.64,18.97,163,0,41.92,37.64,"Gamma","database","baja","success"
3.73,11.37,143,0,82.75,23.48,"Gamma","core","baja","success"
44.67,1.06,154,0,91.71,91.29,"Delta","api","media","success"
2.46,18.22,153,2,54.8,4.74,"Alpha","ui","critica","success"
9.32,3.12,149,3,79.43,17.65,"Alpha","ui","critica","success"
15.8,6.3,150,1,82.5,9.21,"Beta","database","baja","success"
38.69,4.92,174,0,40.18,26.13,"Beta","auth","critica","success"
9.52,3.52,163,1,58.18,10.17,"Gamma","database","critica","success"
36.1,2.34,175,1,79.82,23.58,"Alpha","api","media","failed"
38.86,11.56,145,1,56.59,104.44,"Delta","auth","alta","success"
22.03,17.37,144,3,54.29,12.78,"Gamma","database","critica","success"
29.7,1.15,158,1,62.99,42.03,"Alpha","database","baja","success"
15.64,17.99,171,3,97.16,17.19,"Gamma","ui","media","success"
21.78,17.01,155,3,52.34,5.33,"Alpha","auth","media","success"
42.49,13.99,146,0,83.7,8.54,"Alpha","ui","baja","success"
12.18,13.33,182,4,79.18,76.6,"Alpha","database","media","success"
2.48,6.94,159,2,50.31,30.06,"Gamma","ui","alta","success"
43.57,3.45,147,0,90.55,39.8,"Gamma","core","baja","success"
12.81,7.05,151,2,45.81,3.73,"Alpha","ui","baja","success"
29.95,11.04,144,1,77.46,28.51,"Gamma","database","alta","success"
4.78,6.06,137,2,95.96,40.15,"Gamma","core","alta","success"
43.66,8.88,155,0,84.53,12.57,"Alpha","api","media","failed"
41.46,6.35,148,2,49.29,13.16,"Beta","ui","baja","success"
39.26,8.79,146,1,70.5,18.1,"Delta","ui","critica","success"
19.96,13.87,132,0,72.18,11.55,"Beta","auth","alta","rolled_back"
35.47,0.74,158,1,69.42,9.62,"Delta","api","media","rolled_back"
14.55,16.46,149,0,90.58,7.74,"Beta","api","critica","success"
14.09,2.69,138,0,86.97,0.83,"Alpha","core","media","failed"
44.97,6.82,175,4,77.44,14.38,"Delta","ui","media","success"
44.44,13.27,152,1,47.34,0.17,"Gamma","core","alta","success"
22.38,12.69,144,1,83.08,14.02,"Delta","api","baja","success"
34.66,16.69,168,2,94.55,8.53,"Gamma","ui","alta","success"
15.79,0.67,163,2,93.96,3.43,"Beta","api","baja","success"
11.78,17.94,155,2,58.28,3.76,"Alpha","ui","alta","success"
28.38,10.84,144,0,77.46,157.6,"Alpha","auth","media","success"
16.31,6.88,142,0,57.47,5.52,"Gamma","database","media","success"
4.04,4.2,147,2,54.79,34.86,"Delta","database","media","rolled_back"
44.21,12.73,142,2,72.26,43.13,"Gamma","database","baja","failed"
31.43,17.35,151,0,99.61,25.62,"Delta","database","baja","success"
39,13.32,144,0,56.71,9.53,"Gamma","auth","media","success"
21.58,17.7,168,2,59.04,19.02,"Delta","ui","media","success"
6.98,2.09,149,0,56.69,26.14,"Beta","core","media","success"
31.09,0.77,135,2,50.35,22.04,"Delta","ui","media","success"
2.37,4.51,163,2,55.27,69.42,"Delta","core","media","success"
8.59,16.53,146,0,62.41,15.06,"Beta","api","media","success"
40.47,6.75,155,2,77.76,13.52,"Alpha","core","baja","success"
8.16,6.07,131,2,86.03,6.91,"Gamma","api","alta","success"
12.75,3.33,151,0,95.6,12.81,"Gamma","auth","baja","rolled_back"
12.12,8.98,182,1,42.8,35.89,"Beta","core","baja","success"
15.07,17.64,125,1,57.2,11.26,"Alpha","api","baja","success"
11.12,16.4,152,3,63.51,0.78,"Gamma","api","media","success"
2.83,11.1,153,1,42.25,7.82,"Alpha","api","baja","success"
40.78,15.22,140,0,83.13,21.17,"Alpha","auth","critica","success"
43.23,16.1,149,0,60.69,5.73,"Delta","database","media","success"
42.51,4.52,137,1,63.77,38.33,"Gamma","ui","media","success"
21.22,5.85,134,0,80.08,17.48,"Gamma","api","baja","success"
20.54,12.7,151,0,91.81,18.36,"Delta","api","media","success"
3.68,4.99,151,1,57.95,7.74,"Beta","auth","baja","success"
17.15,6.74,168,0,80.96,15.72,"Delta","auth","media","success"
40.5,3.74,141,0,54.73,5.51,"Beta","api","baja","success"
17.64,17.95,157,2,63.28,0.51,"Delta","database","media","success"
23.39,15.68,126,0,95.16,41.85,"Delta","api","media","success"
24.45,1.63,152,1,46.63,22.39,"Delta","ui","media","success"
8.91,12.72,153,0,60.87,5.99,"Delta","auth","media","failed"
24.93,15.98,135,0,85.6,47.51,"Delta","core","baja","success"
6.31,9.65,145,1,79.19,28.59,"Delta","api","baja","success"
28.21,18.4,141,0,61.71,19.24,"Alpha","database","media","success"
25.21,9.11,162,0,59.87,39.52,"Delta","database","baja","success"
11.4,0.59,135,1,79.94,5.13,"Alpha","database","media","success"
40.72,15.54,155,2,95.8,20.7,"Gamma","auth","baja","success"
10.14,14.96,140,2,54.65,48.26,"Beta","database","baja","success"
19.85,9.08,154,3,71.74,60.61,"Alpha","core","critica","success"
39.97,7.49,161,2,63.31,26.12,"Delta","database","alta","success"
11.86,6.35,135,0,73.62,36.96,"Delta","ui","alta","success"
14.19,11.11,125,1,87.55,1.58,"Delta","database","critica","success"
39.62,5.76,143,3,45.01,4.26,"Alpha","api","media","success"
28.43,8.17,169,1,67.8,10.65,"Alpha","auth","critica","success"
38.79,6.6,138,1,53.75,1.95,"Beta","database","media","success"
22.26,15.23,159,0,89.95,62.19,"Beta","database","baja","success"
40.4,1.5,136,0,97.3,20.12,"Alpha","ui","baja","success"
8.85,16.56,163,2,61.97,42.59,"Beta","core","critica","success"
28.52,18.29,149,0,89.75,79.46,"Beta","api","baja","success"
32.94,14.61,174,1,76.66,13.57,"Delta","core","baja","failed"
9.77,3.31,142,2,95.15,35.12,"Alpha","auth","baja","success"
26.24,9.42,150,1,52.87,6.07,"Beta","auth","baja","success"
30.71,5.86,178,1,70.85,24.93,"Beta","api","media","success"
41.49,7.05,148,3,71.46,29.46,"Gamma","auth","baja","success"
15.66,3.88,146,2,56.38,15.38,"Gamma","core","baja","success"
25.28,9.16,146,0,54.56,28.53,"Beta","database","baja","success"
1.72,15.05,143,1,63.16,81.69,"Gamma","database","media","success"
17.6,8.5,128,1,96.59,42.24,"Alpha","api","critica","success"
29.24,12.89,158,0,92.96,18.8,"Gamma","ui","media","success"
28.02,11.83,148,2,76.24,6.17,"Alpha","core","baja","success"
37.1,13.77,146,0,85.89,12.78,"Gamma","core","baja","failed"
6.63,4.49,157,3,41.67,7,"Gamma","ui","baja","success"
30.36,16.74,161,4,53.51,24.05,"Beta","ui","baja","success"
10.27,14.55,154,3,76.73,138.29,"Gamma","api","baja","success"
27.03,4.63,141,2,80.53,56.3,"Delta","auth","media","success"
31.74,3.6,156,1,84.62,26.56,"Alpha","ui","baja","success"
24.48,11.07,128,1,77.57,10.1,"Alpha","auth","critica","success"
17.57,1.84,144,1,98.79,34.46,"Beta","ui","media","success"
31.88,7.4,148,0,69.25,8.64,"Beta","ui","media","success"
22.11,12.23,135,0,75.25,3.73,"Delta","database","media","success"
11.54,3.74,173,2,66.53,14.13,"Delta","api","baja","success"
21.25,13.39,139,1,92.81,9.75,"Alpha","api","alta","success"
4.94,9.71,174,0,73.64,26.9,"Gamma","database","baja","success"
12.71,17.02,132,0,65.73,6.64,"Alpha","api","baja","success"
25.6,6.19,167,2,91.97,7.76,"Alpha","core","critica","success"
2.45,15.44,158,1,72.04,11.77,"Beta","ui","baja","failed"
10.68,18.82,152,1,92.3,7.1,"Beta","auth","media","success"
29.18,11.95,137,3,69,18.86,"Gamma","api","baja","success"
32.69,19.53,164,0,68.6,28.74,"Gamma","ui","baja","success"
35.29,15.23,154,3,63.86,41.32,"Alpha","api","baja","success"
4.68,19.58,161,1,88.97,10.27,"Gamma","auth","baja","success"
5.8,3.69,129,1,47.9,16.33,"Alpha","api","media","success"
42.67,15.88,153,0,54.63,0.43,"Delta","database","alta","success"
41.99,2.98,147,3,64.58,45.54,"Gamma","ui","media","success"
41.58,5.53,155,2,43.56,43.47,"Beta","api","media","success"
29.77,2.69,144,1,47.02,6.13,"Delta","database","baja","success"
8.3,15.06,138,0,56.07,28.52,"Alpha","database","media","failed"
41.09,10.6,156,0,70.55,43.35,"Beta","api","alta","rolled_back"
41.61,15.83,161,0,43.8,32.06,"Alpha","ui","media","rolled_back"
8.86,15.04,149,2,48.1,57.73,"Beta","core","media","success"
4.69,17.47,147,2,91.83,10.79,"Beta","auth","media","success"
26.13,16.44,149,0,77.47,22.42,"Alpha","auth","media","success"
17.4,16.18,163,1,86.23,19.37,"Alpha","ui","baja","success"
21.52,18.66,131,2,45.58,23.01,"Alpha","ui","media","success"
21.72,10.69,165,1,63.99,4.93,"Alpha","auth","critica","failed"
35.38,12.77,140,1,80.75,16.38,"Beta","database","media","success"
37.33,4.11,148,0,92.11,27.08,"Delta","core","baja","success"
13.78,9.26,193,0,45.81,1.18,"Alpha","database","media","success"
33.25,17.34,127,2,79.59,1.96,"Delta","api","baja","success"
23.07,5.46,147,0,59.78,66.28,"Alpha","api","alta","success"
4.38,16.62,151,2,85.25,20.36,"Delta","ui","media","rolled_back"
3.14,12.21,152,1,58.67,81.78,"Gamma","core","media","success"
11.83,3.8,159,1,88.38,34,"Beta","api","alta","success"
11,9.75,138,1,46.5,38.56,"Alpha","core","baja","success"
19.87,15.96,163,0,59.02,2.79,"Beta","database","media","success"
25.41,7.76,137,1,87.02,35.34,"Alpha","auth","baja","success"
32.55,5.5,154,2,86.73,0.31,"Delta","api","baja","success"
11.94,5.36,156,1,99.44,18.51,"Beta","core","baja","success"
40.46,6.74,138,1,73.8,9.81,"Delta","ui","alta","success"
22.49,3.57,159,1,53.99,82.69,"Alpha","ui","baja","success"
12.93,7.83,132,2,57.55,15.14,"Beta","database","media","failed"
15.42,3.67,139,0,65.32,16.26,"Alpha","api","media","success"
30.4,19.14,149,3,93.42,5.05,"Gamma","database","baja","success"
33.17,18.62,139,2,54.51,60.01,"Beta","ui","critica","success"
26.36,9.45,132,1,99.25,7.08,"Delta","core","media","success"
39.72,12.18,172,0,42.02,59.27,"Delta","database","critica","success"
19.3,8.91,167,1,95.97,21.7,"Alpha","core","media","success"
10.43,7,137,1,57.17,38.29,"Beta","auth","critica","success"
21.98,13.56,152,3,49.59,15.6,"Alpha","core","media","success"
18,1.61,144,0,68.48,34.65,"Gamma","database","baja","success"
12.27,2.14,154,0,66.28,12.48,"Alpha","database","baja","rolled_back"
41.74,11.74,159,1,48.27,49.39,"Gamma","core","alta","success"
21.78,2.63,158,2,81.93,2.52,"Alpha","ui","baja","failed"
2.11,6.54,156,1,88.33,3.85,"Gamma","auth","baja","success"
42.53,1.37,155,1,99.21,58.77,"Beta","auth","baja","success"
17.79,9.58,161,1,55.87,5.33,"Delta","api","critica","success"
1.85,12.28,145,1,45.88,2.62,"Gamma","ui","baja","success"
44.15,8.65,131,0,89.25,98.06,"Alpha","auth","baja","success"
17.92,14.73,154,0,82.14,29.98,"Beta","ui","critica","success"
44.39,15.73,162,2,92.39,166.41,"Alpha","database","alta","success"
7.57,10.64,137,2,88.07,25.32,"Gamma","api","alta","success"
25.96,9.72,143,2,97.48,3.2,"Beta","database","baja","success"
36.05,15.42,158,2,92.88,8.63,"Alpha","database","critica","success"
9.93,8.87,163,0,96.01,85.38,"Gamma","database","alta","success"
32.42,14.35,160,1,99.32,24.66,"Beta","api","media","success"
26.11,19.83,137,1,97.02,11.6,"Beta","ui","media","success"
1.94,11.97,164,2,68.62,23.43,"Beta","auth","alta","failed"
12.68,17.3,152,1,91.58,0.98,"Gamma","auth","media","success"
21.99,17.77,150,0,52.1,3.14,"Beta","auth","media","success"
41.82,11.26,148,2,79.51,36.75,"Alpha","api","media","success"
44.8,11.93,155,1,59.77,38.4,"Gamma","auth","alta","success"
10.63,5.03,162,2,58.04,24.95,"Gamma","auth","media","success"
25.22,11.01,160,1,63.48,16.67,"Alpha","auth","baja","success"
29.57,17.68,154,1,84.49,23.47,"Gamma","api","baja","success"
40.7,9.05,146,1,44.51,7.07,"Beta","auth","critica","success"
33.36,3.92,137,2,75.94,35.26,"Beta","database","media","success"
28.02,4.32,144,1,43.41,5.44,"Beta","auth","media","success"
11.26,9.88,133,1,92.59,54.49,"Beta","auth","media","success"
41.35,6.93,128,0,55.55,1.23,"Beta","api","baja","success"
36.42,16.16,154,2,53.81,55.08,"Gamma","ui","critica","success"
15.09,1.87,134,1,57.73,0.76,"Beta","ui","media","success"
11.39,7.14,156,0,50.66,3.77,"Delta","core","alta","success"
30.11,8.22,170,1,49.17,8.67,"Alpha","auth","baja","failed"
33.5,7.46,160,0,74.08,22.89,"Delta","auth","media","success"
21.73,13.91,156,2,77.57,65.97,"Alpha","auth","baja","failed"
39.07,13.57,154,2,72.93,31.07,"Alpha","database","baja","success"
30.86,4.16,149,4,45.45,4.9,"Delta","auth","baja","success"
8.52,11.33,150,0,77.68,29.12,"Alpha","api","baja","success"
2.03,8.68,161,1,48.91,36.78,"Delta","api","baja","success"
39.17,8.33,161,2,95.86,1.47,"Gamma","database","baja","failed"
5.88,11.77,157,1,57.68,42.74,"Delta","database","alta","success"
15.08,8.63,158,1,62.93,4.91,"Gamma","core","baja","success"
20.4,1.52,158,1,97.36,48.68,"Beta","ui","baja","success"
28.29,12.18,159,1,59.58,29.6,"Alpha","auth","media","success"
16.26,6.08,134,2,71.2,4.23,"Alpha","database","media","success"
26.73,13.75,156,0,59.85,46.12,"Delta","ui","alta","success"
37.59,7.59,172,1,90.76,2.28,"Delta","core","baja","success"
16.06,18.09,129,0,90.81,34.67,"Beta","ui","baja","success"
18.12,17.16,147,1,49.5,33.19,"Alpha","ui","alta","success"
27.85,7.08,145,0,99.01,52.68,"Delta","ui","alta","failed"
23.06,18.87,154,0,74.87,20.66,"Gamma","api","critica","success"
6.25,18.17,156,1,65.9,53.96,"Beta","api","baja","success"
38.3,1.02,159,2,42.08,31.53,"Beta","auth","baja","success"
20.89,1.89,180,2,80.9,39.38,"Beta","ui","baja","success"
34.14,14.25,166,1,98.04,3.35,"Alpha","ui","alta","success"
36.11,5.56,158,2,72.73,3.44,"Delta","ui","baja","success"
18.5,4.06,162,0,83.8,30.99,"Alpha","api","baja","success"
2.15,2.22,137,0,75.07,21.72,"Delta","ui","media","success"
33.84,15.36,140,0,41.79,6.23,"Gamma","auth","media","success"
4.47,12.62,168,2,74.27,3.05,"Delta","ui","critica","success"
24.64,7.55,149,2,96.41,34.35,"Alpha","ui","media","success"
6.83,13.43,157,3,92.31,5.12,"Beta","core","baja","success"
30.9,14.71,151,0,95.73,110.55,"Gamma","api","media","success"
3.94,2.18,139,1,83.5,43.98,"Delta","database","baja","success"
36.21,2.7,141,0,70.8,27.22,"Delta","ui","critica","success"
30.32,10.62,137,2,54.35,2.93,"Gamma","auth","alta","success"
12.12,18.91,136,2,46.44,8.25,"Alpha","core","alta","success"
8.48,4.02,149,0,50.2,1.42,"Delta","ui","alta","success"
4.02,11.54,152,1,75.17,62.69,"Delta","api","alta","success"
2.16,13.94,158,0,57.18,9.48,"Delta","ui","baja","success"
37.75,0.52,139,0,71.01,2.93,"Gamma","ui","baja","success"
12.89,1.67,146,2,84.79,88.9,"Delta","core","media","success"
3.91,12.83,145,2,98.71,57.06,"Delta","core","alta","failed"
16.64,16.22,151,0,44.98,17.08,"Alpha","database","baja","success"
26.74,19.86,156,1,72.29,10.92,"Gamma","database","baja","success"
36.48,9.9,139,1,86.2,18.07,"Beta","core","baja","success"
16.3,19.06,154,0,43.51,88.38,"Gamma","ui","media","success"
7.37,3.43,140,0,54.42,4.67,"Beta","core","alta","success"
35.15,19.18,139,3,79.23,10.1,"Gamma","core","media","success"
39.66,9.61,182,0,70.68,0.45,"Gamma","ui","media","success"
44.48,3.68,140,0,86.62,62.72,"Gamma","ui","alta","success"
29.98,8.21,155,1,73.43,6.56,"Gamma","core","media","success"
12.55,16.39,163,0,87.69,23.71,"Alpha","database","baja","failed"
29.4,7.48,149,1,82.82,9.37,"Delta","core","media","success"
21.1,19.64,167,2,92.23,5.13,"Alpha","api","alta","success"
10.07,1.81,136,3,70.77,12.71,"Beta","auth","baja","success"
27.87,13.65,152,0,65.31,0.49,"Beta","core","alta","success"
43.9,5.94,151,0,67.94,12.03,"Gamma","database","baja","success"
10.16,6.07,152,2,81.26,28.12,"Gamma","api","baja","success"
20.41,8.91,134,1,89.03,7.35,"Beta","ui","media","success"
16.27,15.75,148,1,84.85,1.27,"Gamma","auth","media","success"
2.98,1.85,163,5,93.12,6.08,"Alpha","core","alta","failed"
5.82,17.06,131,1,52.52,6.82,"Beta","api","baja","success"
19.74,12.57,137,2,64.58,0.67,"Alpha","core","alta","success"
3.56,5.07,139,1,57.01,50.44,"Delta","database","media","success"
2.65,18.35,154,1,61.53,9.12,"Delta","ui","baja","success"
9.05,15.69,147,0,45.75,15.57,"Alpha","auth","baja","success"
17.95,15.77,166,2,51.67,11.99,"Gamma","api","media","success"
27.09,5.13,156,0,62.71,27.08,"Delta","core","baja","success"
16.13,4.64,155,1,58.23,58.25,"Gamma","auth","baja","success"
23.01,17.95,165,0,85.8,95.55,"Beta","ui","baja","rolled_back"
34.23,5.48,145,2,83.43,19.13,"Beta","auth","alta","success"
8.85,13.95,171,1,55.67,33.38,"Delta","auth","critica","success"
38.2,6.75,174,1,95.19,11.28,"Delta","core","baja","success"
15.43,13.89,138,1,48.43,22.3,"Beta","ui","media","success"
11.67,14.69,140,4,96.26,6.62,"Delta","ui","media","success"
14.98,11.88,151,1,62.33,32.66,"Delta","core","critica","success"
35.86,9.94,160,3,41.72,3.02,"Beta","auth","baja","success"
12.57,1.74,127,1,86.97,31.11,"Alpha","core","baja","success"
41.64,3.86,135,1,79.88,2.25,"Beta","ui","baja","success"
7.95,16.85,149,0,53.55,12.53,"Delta","auth","alta","success"
10.92,1.77,139,2,47.23,19.85,"Delta","auth","media","success"
28.73,19.28,153,0,90.82,2.39,"Alpha","database","media","rolled_back"
12.68,14.38,147,4,93.65,6.4,"Gamma","ui","alta","success"
32.26,8.59,139,2,58.7,11.33,"Gamma","ui","alta","success"
33.79,3.39,125,1,57.1,19.27,"Delta","ui","baja","success"
12.91,10.85,160,4,90.11,11.73,"Gamma","ui","media","success"
26.41,13.96,148,4,70.85,58.37,"Beta","ui","baja","rolled_back"
41.33,9.86,170,2,43.45,49.02,"Alpha","database","media","success"
32.32,10.82,167,0,71.83,17.4,"Gamma","api","alta","success"
38.23,8.6,163,1,45.27,2.44,"Alpha","ui","media","success"
41.52,15.41,156,3,86.78,15.41,"Beta","api","media","success"
14.32,5.67,153,3,56.87,6.49,"Gamma","ui","baja","success"
29.8,17.33,131,2,72.98,1.9,"Alpha","core","media","success"
7.67,17.91,125,1,51.68,0.16,"Gamma","core","media","failed"
38.63,2.01,154,1,60.37,29.98,"Gamma","database","baja","success"
30.47,14.18,158,0,90.08,6.74,"Beta","database","baja","success"
33.4,17.01,149,0,60.84,2.87,"Alpha","core","critica","success"
15.19,13.53,157,2,83.93,19.69,"Beta","auth","media","success"
30.55,15.21,163,0,50.26,36.98,"Delta","core","baja","success"
21.68,15.69,147,2,95.02,8.83,"Delta","database","baja","success"
29.79,7.9,155,1,42.31,8.28,"Beta","database","baja","failed"
35.68,7.41,136,0,44.11,1.15,"Gamma","auth","alta","success"
40.72,10.1,133,3,48.44,4.33,"Alpha","api","alta","success"
24.44,1.62,141,0,84.32,54.94,"Alpha","database","baja","success"
8.38,13.9,139,2,46.92,61.15,"Delta","ui","baja","success"
13.23,19.18,157,1,78.76,11.1,"Gamma","database","alta","success"
7.35,15.04,161,1,96.69,43.13,"Beta","ui","alta","success"
11.83,3.7,159,0,78.66,2.94,"Delta","ui","alta","failed"
32.95,1.34,129,0,83.76,56.05,"Beta","core","baja","success"
28.78,10.42,143,1,84.17,42.89,"Delta","core","baja","success"
21.18,18.59,162,0,59.89,3.96,"Beta","api","critica","success"
29.09,18.4,165,1,43.93,3.17,"Beta","api","baja","success"
24.53,2.05,172,3,65.12,37.08,"Gamma","api","critica","success"
15.86,8.35,138,3,83.01,10.93,"Alpha","api","baja","success"
35.03,0.86,167,1,75.97,0.21,"Delta","auth","baja","success"
29.12,19.37,139,3,65.54,9.93,"Alpha","auth","baja","success"
35.18,16.69,126,0,69.98,44.54,"Delta","core","media","success"
9.28,0.64,159,2,73.82,10.33,"Alpha","ui","media","success"
18.74,1.77,172,1,78.38,14.44,"Alpha","core","media","success"
43.38,10.21,139,0,61.2,9.1,"Alpha","auth","critica","success"
17.91,8.52,163,1,41.94,6.69,"Beta","auth","media","success"
4.87,16.95,154,0,85.92,7.03,"Beta","auth","media","success"
24.53,2.24,141,0,60.44,32.89,"Gamma","database","baja","failed"
42.81,14.14,139,0,89.89,16.35,"Delta","database","baja","success"
38.74,1.21,154,0,42.07,2.49,"Beta","api","critica","success"
25.4,11.5,159,0,65.11,96.08,"Delta","auth","critica","success"
30.43,6.92,168,1,80.99,29.64,"Delta","auth","media","success"
23.27,16.51,154,2,76.07,17.76,"Alpha","auth","alta","success"
41.7,14.95,131,2,71.09,6.6,"Delta","ui","media","success"
5.5,13.97,126,0,96.96,43.74,"Beta","api","alta","success"
23.12,12.67,147,2,83.04,27.89,"Beta","database","alta","success"
35.53,11.43,153,1,41.01,7.51,"Gamma","database","baja","success"
39.34,5.58,146,1,51.35,11.46,"Alpha","ui","baja","success"
40.72,1.21,197,2,72.1,43.77,"Gamma","ui","baja","success"
36.8,10.13,137,4,73.68,14.96,"Alpha","auth","media","success"
8.19,16.76,132,2,97.7,43.32,"Gamma","ui","baja","success"
33.24,9.48,145,0,62.54,8.64,"Alpha","auth","critica","success"
34.54,14.29,152,2,60.69,16.66,"Beta","auth","critica","success"
30.25,10.07,131,1,74.48,27.75,"Delta","core","media","success"
41,9.36,144,1,52.43,29.5,"Gamma","core","media","success"
18.46,6.89,168,2,57.45,3.29,"Beta","database","baja","success"
43.13,1.23,144,1,74.95,29.44,"Delta","auth","media","success"
21.36,13,151,1,84.87,28.54,"Alpha","ui","baja","success"
9.98,12.05,130,1,51.97,29.67,"Gamma","auth","media","success"
27.2,3.22,145,1,52.61,70.68,"Gamma","core","critica","success"
8.26,7.31,164,1,43,50.13,"Gamma","core","media","success"
24.1,13.12,153,3,82.22,4.68,"Delta","database","alta","success"
19.46,13.11,151,0,58.5,20.78,"Gamma","auth","media","success"
37.48,7.66,140,1,79.64,0.93,"Delta","core","alta","success"
25.99,7.31,159,0,40.61,60.05,"Gamma","ui","media","success"
21.36,7.69,124,1,85.15,27.99,"Alpha","core","media","success"
9.87,18.43,159,2,50.66,1.74,"Beta","auth","baja","success"
22.03,15.32,147,0,65.51,49.72,"Gamma","api","alta","success"
11.61,3.31,150,1,78.67,34.45,"Alpha","ui","alta","success"
15.16,7.02,150,1,63.64,16.8,"Delta","api","media","success"
39.21,5.27,142,1,86.27,136.36,"Delta","auth","media","failed"
20.86,3.66,154,1,92.66,3.85,"Alpha","database","baja","success"
20.38,19.47,143,0,69.93,0.74,"Gamma","ui","media","success"
22.06,2.73,136,2,44.36,15.14,"Delta","auth","media","failed"
37.75,1.88,149,1,67.93,19.09,"Gamma","api","media","success"
1.95,15.09,160,0,98.06,41.26,"Gamma","ui","baja","success"
14.95,3.12,146,4,67.82,10.17,"Gamma","auth","critica","success"
5.25,0.69,164,0,86.59,17.95,"Gamma","database","media","success"
37.3,17.2,154,3,82.19,2.51,"Beta","api","media","success"
21.99,7.1,147,1,89.84,4.45,"Gamma","ui","alta","success"
24.66,10.07,158,0,43.74,7.73,"Alpha","database","media","success"
18.7,11.65,142,2,82.84,24.23,"Beta","ui","media","success"
21.27,2.7,131,0,62.22,21.27,"Gamma","core","baja","success"
6.5,2.15,156,1,54.49,9.35,"Delta","core","alta","success"
2.85,17.41,143,3,88.15,6.36,"Beta","api","critica","success"
2.51,10.3,145,1,78.38,11.92,"Alpha","auth","baja","success"
4.87,10.11,134,1,57.28,8.71,"Delta","database","baja","success"
17.23,15.1,134,1,63.15,4.07,"Gamma","core","alta","failed"
34.62,3.87,149,0,48.1,11.89,"Beta","api","baja","success"
33.83,1.16,137,1,77.81,33.75,"Delta","api","baja","success"
5.75,11.92,139,0,73.96,82.56,"Gamma","api","media","success"
43.34,4.16,128,0,45.99,140.62,"Gamma","auth","alta","success"
7.73,4.25,163,1,80.35,0.15,"Alpha","ui","baja","failed"
22.58,19.24,158,1,52.7,3.55,"Alpha","ui","alta","failed"
26.07,3.66,168,0,76.89,7.27,"Beta","ui","media","success"
42.06,5.5,164,1,58.75,25.34,"Alpha","auth","baja","success"
37.17,11.95,148,0,84.01,0.03,"Delta","auth","baja","rolled_back"
24.69,3.76,142,2,59.98,0.15,"Gamma","database","baja","success"
18.22,13.06,164,2,49.02,16.99,"Gamma","ui","media","success"
25.25,4.31,149,0,75.18,20.42,"Beta","api","media","failed"
36.16,10.88,143,2,88.49,4.33,"Beta","core","media","success"
28.79,6.97,139,0,49,7.55,"Beta","auth","baja","success"
6.02,11.74,154,2,85.28,51.55,"Gamma","ui","media","success"
9.85,11.69,150,0,94.62,50.83,"Gamma","auth","alta","success"
38.13,5.91,125,1,76.56,0.76,"Beta","api","baja","success"
22.35,5.2,184,0,77.38,22.61,"Delta","database","media","rolled_back"
35.31,18.12,144,0,81.53,0.42,"Gamma","api","media","success"
37.09,11.81,145,0,47.8,19.68,"Beta","ui","baja","success"
14.42,9.96,173,1,44.25,12.16,"Delta","auth","baja","failed"
11.36,15.29,168,2,45.84,18.95,"Beta","auth","baja","failed"
28.49,1.36,153,2,98.5,90.5,"Alpha","ui","baja","success"
17.76,12.82,159,0,81.82,4.67,"Beta","ui","media","success"
40.04,12.68,161,1,55.84,1.68,"Gamma","auth","alta","success"
6.96,15.58,163,2,97.85,54.15,"Beta","core","baja","success"
8.37,8.28,141,4,92.65,16.68,"Delta","database","baja","success"
29.27,4.63,151,2,87.3,81.65,"Gamma","ui","baja","success"
9.6,13.04,168,0,93.37,2.9,"Alpha","database","critica","success"
30.41,9.3,141,2,76.83,87.97,"Alpha","ui","media","success"
23.77,11.4,170,2,45.11,25.73,"Gamma","api","media","success"
33.76,15.06,168,1,65.81,11.29,"Gamma","ui","alta","success"
16.14,3.19,183,0,59.27,4.13,"Alpha","ui","critica","success"
6.34,10.68,162,0,45.97,72.7,"Alpha","auth","baja","success"
19,2.96,184,5,69.29,0.57,"Gamma","core","media","success"
25.11,11.89,149,1,60.14,70.28,"Alpha","database","baja","success"
33.7,4.55,157,0,50.89,14.17,"Gamma","database","critica","success"
9.01,10.65,154,1,53.15,8.72,"Alpha","core","baja","success"
27.01,17.2,156,0,78.34,11.47,"Gamma","core","baja","success"
23.24,11.67,132,1,63.25,1.9,"Alpha","ui","baja","rolled_back"
42.23,13.69,157,0,66.96,0.66,"Gamma","api","alta","success"
41.1,10.06,163,4,74.77,44.43,"Delta","ui","baja","success"
8.15,19.15,169,1,57.39,22.64,"Delta","core","alta","success"
14.87,3.15,160,1,64.37,64.93,"Delta","ui","media","success"
31.88,8.59,162,0,53.34,48.07,"Beta","api","critica","success"
34.7,11.6,144,1,83.26,18.79,"Delta","api","media","failed"
23.68,12.77,140,0,88.69,4.87,"Delta","core","baja","failed"
11.36,6.83,170,1,79.5,29.69,"Beta","ui","baja","rolled_back"
8.71,16.94,124,1,77.99,31.36,"Delta","api","critica","success"
15.25,18.53,159,3,58.08,5.75,"Beta","core","media","success"
3.45,18.05,176,1,46.41,34.81,"Delta","auth","baja","success"
30.63,6.31,136,0,48.45,38.42,"Gamma","core","baja","success"
33.96,11.07,133,1,97.11,25.02,"Beta","auth","baja","success"
12.31,11.43,179,0,64.72,0.8,"Delta","database","alta","success"
21.81,16.62,157,0,92.22,22.7,"Delta","core","baja","success"
3.43,0.97,156,1,82.56,27.16,"Gamma","database","media","success"
5.77,11.68,145,0,69.71,7.16,"Beta","core","baja","success"
40.52,5.47,140,3,69.97,25.91,"Delta","core","media","success"
28.26,13.97,137,1,98.53,34.26,"Alpha","core","baja","success"
29.37,4.47,129,1,57.28,17.51,"Delta","core","baja","success"
21.55,3.98,158,3,47.58,53.79,"Beta","ui","media","success"
13.67,17.87,156,0,67.59,40.92,"Alpha","ui","media","success"
42.61,9.5,137,1,43.03,0.77,"Alpha","ui","alta","failed"
2.5,9.08,142,1,83.72,0.69,"Beta","database","media","success"
9.21,11.95,147,0,40.37,38.06,"Gamma","auth","baja","success"
43.76,11.37,163,1,69.31,15.32,"Alpha","ui","critica","rolled_back"
36.29,12.65,146,2,55.55,11,"Delta","api","media","success"
44.98,12.55,162,1,62.64,9.65,"Beta","api","baja","rolled_back"
12.84,3.37,137,2,56.93,52.8,"Delta","core","critica","success"
26.82,6.3,152,1,61.5,12.91,"Beta","auth","alta","success"
4.64,15.41,150,1,89.06,3.36,"Delta","auth","alta","success"
36.4,12.55,135,0,87.23,7.32,"Gamma","auth","alta","failed"
39.8,13.25,149,2,93.78,48.23,"Alpha","api","media","success"
40.2,18.71,174,1,78.1,8.35,"Delta","auth","media","success"
1.99,12.37,164,0,73.8,3.9,"Gamma","auth","media","success"
12,14.76,139,0,53.69,16.16,"Beta","core","media","success"
27.92,3.73,153,3,64.2,49.05,"Delta","database","media","success"
17.28,15.37,149,2,80.9,42.22,"Alpha","core","media","success"
32.35,15.76,134,0,58.09,23.18,"Alpha","api","baja","success"
3.33,4.44,170,2,54.87,18.37,"Delta","database","baja","success"
30.09,8.47,170,2,89.07,24.72,"Gamma","auth","baja","rolled_back"
11.53,11.64,172,1,95.14,1.09,"Delta","core","baja","success"
13.37,10,157,0,53.83,21.29,"Gamma","api","alta","success"
33.39,12.5,172,3,81,1.46,"Delta","ui","media","success"
9.25,5.78,136,3,66.09,35.96,"Gamma","auth","baja","success"
18.28,5.5,157,2,42.76,10.39,"Gamma","database","media","success"
31.27,15.78,138,1,57.45,41.44,"Beta","api","critica","success"
19.56,11.16,155,0,82.35,25.28,"Beta","core","media","success"
25.08,3.75,159,0,58.15,24.71,"Gamma","api","media","success"
21.3,19.53,147,0,73.17,1.75,"Gamma","ui","media","success"
7.03,10.03,124,1,68.55,27.97,"Beta","database","baja","failed"
2.86,3.72,140,2,66.47,29.39,"Beta","auth","alta","success"
8.71,4.66,162,1,74.28,15.01,"Beta","database","baja","failed"
36.25,14.34,178,0,91.68,9.01,"Delta","database","critica","failed"
7.69,2.47,143,1,78.85,7.9,"Gamma","auth","baja","success"
4.74,3.26,157,2,73.83,4.58,"Delta","api","baja","success"
2.74,8.49,155,0,55.13,27.88,"Alpha","database","baja","success"
19.66,12.93,164,4,70.53,5.91,"Delta","ui","baja","success"
38.65,0.97,155,3,44.54,35.88,"Beta","auth","media","failed"
15.88,3.4,160,1,46.91,21.15,"Delta","api","baja","rolled_back"
20.83,5.52,141,1,97.94,3.44,"Gamma","database","media","success"
19.49,14.59,146,2,97.96,9.57,"Alpha","core","baja","rolled_back"
16.8,8.91,139,0,84.43,35.03,"Delta","core","baja","success"
41.86,2.5,163,3,40.02,24.77,"Delta","api","baja","success"
41.96,7.98,160,2,90.15,11.82,"Alpha","auth","alta","success"
13.69,10.41,160,0,79.27,40.35,"Beta","auth","media","success"
33.22,10.63,154,1,50.63,0.4,"Gamma","auth","alta","success"
10.93,18.25,151,0,59.01,61.57,"Beta","auth","alta","success"
42.4,3.86,164,2,47.33,3.83,"Beta","ui","baja","success"
4.3,8.53,163,2,75.57,9.62,"Alpha","auth","baja","success"
44.51,8.62,159,2,74.98,11.25,"Gamma","auth","baja","success"
10.64,9.42,161,0,90.75,6.72,"Alpha","ui","media","success"
15.36,1.2,155,0,50.15,25.89,"Alpha","auth","media","success"
6.8,18.44,131,0,58.38,0.15,"Gamma","ui","baja","success"
26.91,15.18,145,2,85.35,0.23,"Beta","api","baja","success"
30.14,19.59,158,0,57.22,5.24,"Gamma","database","alta","rolled_back"
44.83,17.76,126,0,83.85,35.18,"Delta","api","media","success"
9.94,19.87,128,1,71.56,54.45,"Alpha","ui","media","success"
37.02,7.82,158,1,91.99,0.17,"Gamma","ui","baja","success"
28.45,7.27,130,1,99.86,5.6,"Beta","api","baja","success"
44.37,15.67,149,1,68.09,3.6,"Gamma","database","media","success"
20.72,3.34,141,4,56.86,59.03,"Delta","api","baja","success"
33,10.31,141,1,60.94,47.58,"Delta","database","alta","success"
4.8,14.98,146,1,51.84,25.82,"Beta","api","baja","success"
28.92,4.43,156,1,45.16,9.53,"Gamma","database","media","success"
10.83,13.53,131,1,45.9,20.79,"Beta","database","media","success"
41.48,9.15,131,2,72.75,2.02,"Delta","auth","critica","success"
36.82,18.06,156,0,42.47,9.15,"Gamma","api","baja","success"
38.74,6.22,136,0,99.13,32.52,"Alpha","api","alta","success"
37.03,11.41,133,1,98.75,64.11,"Beta","database","alta","success"
19.64,1.06,138,0,66.25,27.89,"Delta","core","media","failed"
44.02,11.5,143,3,70.77,57.22,"Alpha","auth","media","success"
23.22,11.65,145,1,57.74,5.42,"Beta","ui","media","success"
23.19,18.73,154,1,73.69,2.7,"Beta","ui","baja","failed"
16.44,13.64,154,1,44.26,2.8,"Alpha","auth","baja","success"
4.43,11.5,160,0,54.24,27.87,"Gamma","api","baja","success"
40.97,3.81,161,3,66.01,8.55,"Alpha","ui","media","failed"
11.12,15.17,151,1,41.85,7.87,"Gamma","auth","critica","success"
14.45,6.43,129,1,42.66,14.1,"Alpha","ui","baja","failed"
30.15,13.88,176,0,48.12,9.91,"Alpha","ui","media","success"
26.15,2.88,136,3,85.88,12.75,"Beta","core","media","success"
43.75,9.9,123,0,96.19,5.32,"Alpha","core","media","success"
6.06,2.19,157,0,72.81,11.86,"Gamma","database","baja","success"
25.16,6.28,145,0,51.33,16.38,"Beta","ui","media","success"
41.32,3.03,160,1,99.87,49.18,"Alpha","ui","baja","success"
39.47,7.67,164,0,87.23,29.93,"Delta","api","media","success"
40.85,9.69,147,1,77.01,4,"Gamma","database","alta","success"
35.38,1,161,2,88.92,97.93,"Delta","auth","media","success"
8.77,9.02,160,0,87.46,11.1,"Beta","auth","baja","success"
6.78,18.04,149,0,70.96,22.19,"Gamma","database","baja","success"
6.65,4.91,148,3,99.7,8.81,"Beta","ui","alta","failed"
20.29,1.58,136,1,93.56,33.45,"Gamma","api","baja","success"
35.32,6.64,160,0,52.29,44.79,"Gamma","auth","baja","rolled_back"
40.83,5.91,143,3,56.89,13.23,"Gamma","api","baja","success"
20.05,9.73,160,2,58.77,83.84,"Gamma","ui","alta","success"
36.71,7.43,150,1,82.01,45,"Beta","ui","alta","success"
21.87,13.58,156,2,47.57,13.52,"Delta","auth","critica","success"
31.02,17.78,140,1,45.88,31.28,"Alpha","api","baja","success"
34.5,8.61,150,4,53.23,17.68,"Alpha","api","baja","success"
31.23,10.7,157,1,59.22,23.78,"Beta","ui","critica","success"
38.37,7.09,137,2,68.21,0.2,"Gamma","database","critica","failed"
15.05,16.64,132,1,67.28,32.13,"Gamma","auth","alta","success"
9.45,3.7,136,1,50.39,15.72,"Alpha","auth","media","success"
5.57,7.99,147,0,88.58,33.36,"Delta","api","baja","success"
2.14,13.73,126,0,68.06,32.42,"Gamma","api","media","success"
40.75,19.08,147,3,73.08,3.28,"Alpha","ui","media","success"
36.13,5,152,1,81.79,8.91,"Alpha","ui","media","success"
4.88,13.89,160,3,94.34,32.75,"Alpha","api","critica","success"
5.93,2.18,172,1,94.22,116.63,"Beta","core","baja","success"
9.06,14.3,156,1,87.58,68.34,"Gamma","auth","media","success"
24.5,18.56,143,2,40.57,28.09,"Alpha","core","media","failed"
33.49,16.29,135,0,66.35,71.33,"Alpha","database","baja","success"
6.64,3.91,174,3,46.44,5.87,"Alpha","auth","baja","success"
6,1.85,140,3,79.82,58.52,"Alpha","core","media","success"
25.52,11.29,168,0,82.17,31.36,"Delta","core","critica","success"
14.14,10.17,130,2,98.08,43.87,"Alpha","core","media","success"
20.66,16.62,153,1,99.6,19.43,"Beta","auth","alta","success"
6.65,11.91,149,1,44.02,11.25,"Beta","database","media","success"
41.59,13.69,138,0,47.31,70.46,"Delta","api","media","rolled_back"
33.37,4.82,166,4,85.34,100.87,"Gamma","api","media","success"
21.58,6.78,160,2,49.58,7.27,"Gamma","ui","baja","failed"
30.75,10.34,144,0,59.27,6.82,"Delta","core","media","failed"
14.05,18.9,161,1,96.32,42.54,"Alpha","ui","media","success"
30.36,5.09,151,2,42.95,72.27,"Delta","core","baja","failed"
17.82,5.77,139,2,44.4,6.17,"Gamma","auth","alta","success"
30.69,11.95,159,0,43.01,14.87,"Delta","database","alta","success"
19.45,1.89,138,1,94,12.13,"Beta","core","alta","success"
32.44,1.22,153,1,46.03,1.3,"Delta","ui","alta","success"
13.73,14.96,141,3,46.45,12.9,"Alpha","auth","media","success"
33.63,12.43,152,1,54.64,0.9,"Gamma","api","media","success"
26.51,15.18,144,0,40.74,77.39,"Alpha","api","media","success"
2.57,5.61,157,2,81.42,38.32,"Alpha","ui","media","failed"
17.28,16.2,142,2,56.71,25.75,"Alpha","api","baja","success"
20.68,16.61,154,1,57.88,5.9,"Beta","core","baja","success"
19.05,4.11,146,4,95.44,14.28,"Beta","ui","baja","success"
25.2,0.97,155,1,96.88,4.56,"Alpha","database","media","success"
39.05,7.12,164,2,71.57,7.62,"Beta","api","media","success"
34.81,10.58,152,0,79.49,35.19,"Gamma","core","baja","failed"
4.35,19.9,173,1,68.53,82.45,"Delta","core","alta","success"
6.61,8.55,145,1,91.35,30.09,"Alpha","ui","alta","success"
14.98,8.39,124,1,77.93,16.17,"Delta","api","baja","success"
14.93,16.62,151,2,85.2,36.42,"Delta","database","baja","failed"
33.36,16.84,167,1,66.58,0.59,"Gamma","auth","media","success"
7.65,1.61,157,2,87.42,1.01,"Beta","api","baja","success"
44.02,9.44,124,1,99.35,10.36,"Alpha","database","baja","success"
38.68,6.19,124,1,79.54,57.27,"Beta","ui","media","success"
26.9,6.55,156,1,85.49,1.14,"Gamma","database","critica","success"
40.63,15.35,156,1,71.74,7.23,"Alpha","api","media","success"
1.91,0.78,149,3,77.11,22.88,"Beta","auth","critica","success"
35.63,14.74,132,0,71.59,11.37,"Gamma","database","baja","success"
40.99,3,148,1,48.26,9.43,"Alpha","auth","alta","success"
6.32,12.96,135,1,74.1,19.06,"Alpha","auth","baja","success"
21.76,1.38,157,1,61.47,52.42,"Gamma","api","critica","success"
30.83,12.46,164,2,53.07,23.33,"Delta","auth","media","success"
21.75,2.86,131,2,45.43,30.03,"Gamma","api","media","success"
39.56,1.43,162,0,70.96,14.17,"Gamma","ui","media","success"
18.95,14.55,137,3,53.25,36.32,"Beta","core","baja","success"
26.15,16.15,147,2,73.02,27.17,"Alpha","database","media","success"
29.94,15.44,156,2,53.96,60.61,"Alpha","database","media","success"
13.93,11.92,151,4,45.42,15.98,"Gamma","ui","baja","success"
40.3,9.84,145,0,50.27,3.26,"Gamma","database","baja","success"
7.53,1.18,160,2,86.98,48.14,"Beta","database","alta","success"
25.74,5.18,163,1,53.05,4.6,"Delta","api","media","success"
12.5,8.91,163,0,55.07,5.75,"Beta","core","baja","success"
4.7,13.83,140,1,66.13,13.57,"Alpha","auth","media","success"
34.68,16.68,163,3,94.17,18.88,"Alpha","database","alta","success"
27.88,3.58,160,0,90.85,4.96,"Gamma","database","alta","success"
15.99,15.3,161,1,65.82,8.88,"Beta","auth","alta","success"
41.07,8.93,155,1,95.56,39.92,"Delta","core","media","success"
27.17,5.65,148,1,94.76,11.09,"Gamma","database","critica","success"
42.67,8.71,139,1,62.29,7.51,"Gamma","api","media","success"
40.75,16.45,141,1,93.08,61.65,"Alpha","ui","baja","success"
18.33,19.17,145,0,96.23,0.85,"Delta","database","baja","success"
32.75,7.24,178,0,96.03,2.6,"Alpha","ui","alta","failed"
37.49,16.47,156,1,92.57,42.29,"Alpha","database","alta","success"
41.25,13.15,163,0,42.24,8.3,"Beta","ui","baja","success"
7.18,4.46,148,0,95.73,57.32,"Beta","api","baja","success"
3.43,16.56,169,3,75.04,8.48,"Delta","database","baja","success"
44.49,14.89,150,1,93.57,41.9,"Gamma","core","baja","success"
18.44,13.21,149,1,78.81,7.59,"Beta","api","media","success"
32.43,4.85,138,0,74.45,1.78,"Delta","ui","baja","success"
24.38,5.51,150,0,54.15,31.33,"Delta","database","baja","success"
18.33,8.24,185,0,40.48,56.8,"Delta","ui","baja","success"
32.76,15.98,156,0,61.97,43.4,"Beta","api","alta","success"
39.79,14.71,151,0,77.89,75.19,"Beta","ui","alta","success"
6.77,18.64,160,3,53.82,4.41,"Gamma","auth","baja","success"
17.47,0.67,137,0,48.4,15.3,"Alpha","auth","media","success"
35.86,3.94,162,0,73.42,42.88,"Alpha","api","media","success"
10.88,12.57,127,2,68.95,75.05,"Delta","core","baja","failed"
28.5,8.84,159,0,62.01,15.1,"Gamma","ui","media","success"
17.93,6.3,154,1,91.22,54.46,"Gamma","database","baja","success"
27.78,16.92,131,1,49.1,21.12,"Delta","auth","critica","success"
26.06,5.4,150,1,74.04,8.88,"Beta","auth","baja","success"
31.71,4.34,149,1,46.41,1.32,"Beta","auth","media","success"
36.92,1.18,132,2,77.08,9.92,"Alpha","ui","baja","success"
21.24,1.33,173,0,99.75,20.32,"Beta","ui","media","success"
17.59,11.21,163,1,91.98,29.39,"Gamma","auth","media","success"
37.29,6.55,155,0,86.44,76.96,"Gamma","core","baja","success"
23.8,3.92,146,1,54.15,52.55,"Beta","ui","alta","success"
33.76,17.21,143,0,53.61,11.76,"Gamma","api","alta","success"
38.45,19.07,125,0,98.2,3.99,"Delta","ui","critica","success"
20.65,2.19,172,0,56.47,4.53,"Alpha","api","baja","success"
19.16,12.49,140,2,60.28,11.95,"Delta","api","baja","success"
38.51,8.34,150,0,75.16,38.18,"Alpha","core","baja","success"
33.13,3.81,150,3,61.63,49.44,"Alpha","api","media","failed"
28.26,16.72,135,2,83.64,2.42,"Delta","core","baja","failed"
31.95,13.52,154,2,65.58,3.03,"Beta","database","critica","success"
34.05,10.61,143,2,90.56,30.47,"Delta","database","media","success"
12.89,10.77,157,1,89.02,0.82,"Beta","auth","media","success"
13.51,14.44,141,1,73.21,46.6,"Beta","api","media","success"
10.18,17.4,147,2,90.59,35.54,"Beta","auth","baja","success"
42.52,18.98,149,0,81.17,14.71,"Alpha","database","media","success"
13.29,17.96,170,0,63.33,10.79,"Alpha","ui","baja","failed"
23.18,16.41,140,3,88.25,19.85,"Delta","api","baja","success"
3.1,3.47,133,0,80.05,20.66,"Gamma","ui","media","success"
36.38,14.59,154,1,53.53,28.24,"Beta","ui","media","success"
19.13,13.06,151,1,90.18,9.99,"Alpha","auth","baja","success"
21.52,13.92,173,0,66.84,18.19,"Delta","database","media","success"
42.01,4.11,157,4,64.73,7.34,"Delta","core","critica","success"
18.46,2.91,135,3,58.04,42.41,"Alpha","ui","media","success"
33.94,11.56,144,0,70.39,19.95,"Gamma","api","media","success"
35.59,16.09,178,2,89.68,3.07,"Delta","ui","media","success"
10.52,16.92,145,0,60.24,23.09,"Delta","core","alta","success"
3.96,14.27,139,2,77.16,43.62,"Alpha","database","baja","success"
15.92,17.8,140,1,81,12.75,"Beta","database","alta","success"
31.25,13.31,166,0,49.07,88.38,"Beta","core","media","success"
34.9,3.41,137,1,57.8,11.03,"Gamma","auth","media","success"
29.91,10.69,167,2,85.54,0.14,"Gamma","auth","baja","success"
42.12,5.89,160,1,95.93,63.23,"Alpha","auth","baja","success"
1.65,2.49,151,0,50.11,31.9,"Beta","database","media","failed"
17.96,1.1,153,1,65.02,4.44,"Alpha","database","alta","success"
29.5,11.44,146,1,68.11,30.42,"Beta","core","media","rolled_back"
5.81,15.22,151,1,66.36,11.82,"Gamma","database","baja","success"
2.16,17.96,156,1,61.13,34.27,"Alpha","auth","media","rolled_back"
7.96,15.36,148,1,89.33,0.99,"Alpha","database","baja","success"
33.92,5.77,138,2,55.68,8.12,"Alpha","core","baja","success"
38.59,14.75,137,1,98.8,21.18,"Delta","core","media","success"
15.64,1.2,162,1,80.74,38.23,"Delta","database","media","success"
13.1,12.46,147,0,79.44,65.71,"Gamma","auth","alta","success"
12.09,19.36,163,0,73.93,161.3,"Beta","auth","critica","failed"
43.1,12.63,144,0,98.88,74.08,"Alpha","core","baja","success"
23.13,6.08,169,0,71.44,15.26,"Alpha","ui","alta","success"
31.71,7.03,140,1,60.52,20.88,"Alpha","auth","baja","success"
41.31,17.52,142,0,54.67,1.84,"Alpha","api","baja","success"
27.99,4.96,158,1,81.33,6.83,"Gamma","database","baja","success"
12.92,14.81,159,4,49.52,7.1,"Alpha","core","media","success"
41.47,7.73,163,1,69.36,16.92,"Delta","database","media","success"
32.46,19.05,144,1,80.51,11.18,"Beta","database","critica","success"
3.41,19.8,155,3,99.21,1.91,"Gamma","api","alta","success"
29.06,9.92,157,1,84.09,0.25,"Gamma","core","media","success"
38.59,12.44,140,2,63.4,9.01,"Gamma","api","media","success"
6.68,7.95,136,1,84.15,73.74,"Alpha","database","media","success"
42.91,7.74,128,2,99.8,45.31,"Gamma","api","media","success"
3.28,19.19,160,1,84.1,3.84,"Alpha","ui","alta","success"
8.92,12.6,128,0,80.29,13.39,"Beta","api","baja","success"
2.51,19.7,151,1,65.97,33.34,"Gamma","auth","media","success"
18.46,6.93,144,0,71.11,57.55,"Delta","auth","baja","success"
32.35,12.69,139,0,44,3.1,"Delta","api","media","success"
30.03,18.09,149,3,59.32,4.69,"Gamma","core","critica","success"
22.65,11.56,137,1,41.26,161.83,"Alpha","ui","media","failed"
5.01,16.16,167,3,54.32,50.5,"Alpha","api","baja","success"
43.6,15.54,149,2,58.75,29.83,"Beta","auth","baja","success"
25.87,0.98,151,0,69.46,36.63,"Beta","auth","baja","success"
32.69,5.39,166,0,72.86,0.06,"Alpha","api","media","success"
13.83,5.92,158,2,57.87,1.37,"Delta","core","baja","success"
36.4,13.97,142,1,80.57,52.3,"Delta","database","critica","success"
28.87,1.98,136,0,82.46,1.3,"Delta","core","baja","success"
41.04,3.64,134,0,46.58,13.41,"Alpha","ui","baja","success"
18.73,10.26,118,3,91.52,4.77,"Beta","database","baja","success"
14.91,7.97,144,2,46.56,42.19,"Gamma","database","baja","success"
33.33,10.11,140,1,69.99,28.62,"Alpha","core","media","success"
31.73,15.84,160,0,48.28,0.92,"Gamma","database","media","success"
20.44,15.95,150,2,74.84,10.14,"Gamma","database","baja","success"
36.63,4.84,147,2,84.37,58.47,"Beta","core","baja","success"
14.79,2.87,121,3,80.16,12.2,"Alpha","database","baja","success"
41.28,16.15,155,1,47.34,38.02,"Beta","core","baja","success"
28.9,2.51,120,2,45.77,20.88,"Alpha","core","media","success"
35.31,14,153,0,89.31,4.88,"Alpha","core","baja","success"
32.7,8.15,159,1,77.25,36.72,"Beta","core","media","success"
30.35,18.52,160,3,54.61,2.45,"Alpha","database","media","failed"
32.08,1.55,132,3,74.8,1.85,"Alpha","auth","media","success"
9.88,19.7,145,1,66.09,22.52,"Alpha","auth","media","success"
27.52,16.16,175,0,89.78,24.53,"Gamma","api","media","success"
34.87,6.01,165,3,62.6,7.64,"Gamma","database","media","success"
11.78,7,137,1,82.16,7.95,"Delta","core","media","success"
31.58,13.21,162,3,51.59,18.72,"Gamma","auth","baja","success"
5.51,2.17,133,0,57.26,2.53,"Gamma","auth","baja","failed"
33.56,18.84,174,2,79.06,11.04,"Beta","api","media","success"
42.59,7.44,151,1,90.56,96.68,"Beta","api","baja","success"
30.39,11.79,179,0,95.26,14.9,"Beta","api","critica","success"
30.53,15.2,135,0,61.77,27.39,"Alpha","auth","baja","success"
19.77,5.5,154,0,74.63,35.92,"Gamma","database","baja","success"
7.5,17.95,165,2,60.01,44.38,"Beta","ui","media","success"
21.92,3.61,163,3,96.22,3.08,"Beta","database","media","success"
5.58,18.28,153,3,46.83,5.41,"Beta","ui","baja","success"
34.3,18.43,175,0,95.97,2.03,"Delta","api","baja","success"
17.44,13.23,137,3,95.11,14.1,"Delta","api","media","success"
26.21,19.91,158,0,43.83,36.75,"Beta","database","alta","success"
18.16,13.42,138,1,83.73,6.42,"Beta","database","alta","success"
10.34,3.38,169,0,69.09,3.8,"Delta","database","baja","success"
24.78,14.57,160,4,90.24,44.18,"Gamma","ui","baja","failed"
18.28,11.11,144,1,93.89,17.25,"Gamma","api","critica","success"
39.01,19.59,154,0,72.04,52.92,"Beta","ui","critica","success"
5.57,1.64,140,2,47.32,11.01,"Gamma","api","baja","failed"
4.26,3.26,143,1,57.89,28.44,"Gamma","core","media","success"
8.75,10.79,157,0,43.85,2.79,"Delta","database","alta","success"
42.2,13.85,155,0,99.97,17.67,"Alpha","auth","media","success"
20.75,7.9,141,2,66.92,42.62,"Alpha","auth","critica","failed"
30.84,7.5,145,1,49.28,83.21,"Gamma","database","media","success"
3.07,10.16,149,0,62.51,20.73,"Beta","api","media","success"
21.88,17.86,140,1,46.89,7.4,"Delta","ui","baja","success"
3.49,19.96,143,2,41.23,1.35,"Alpha","core","baja","success"
28.47,19.24,143,0,93.96,5.33,"Gamma","auth","baja","success"
39.12,2.08,150,0,73.54,44.57,"Delta","api","baja","success"
10.02,1.17,155,1,64.35,6.6,"Gamma","auth","baja","failed"
13.77,13.51,139,0,74.04,68.42,"Alpha","database","baja","success"
39.14,1.46,147,1,87.72,44.07,"Delta","ui","baja","success"
2.89,19.35,130,0,56.76,23.5,"Delta","ui","media","success"
35.53,6.21,133,2,44.54,44.77,"Beta","core","media","success"
21.3,5.78,145,1,88.38,3.38,"Beta","api","media","failed"
4.99,9.98,165,1,79.08,8.21,"Delta","core","baja","success"
40.94,4.52,143,3,75.21,4.89,"Alpha","api","baja","success"
9.72,4.96,156,0,42.64,0.96,"Alpha","auth","baja","success"
33.96,10.63,159,1,88.13,4.63,"Delta","core","critica","success"
20.27,7.64,151,0,60.5,0.66,"Gamma","auth","baja","success"
30.67,18.11,147,0,69.69,99.42,"Delta","database","baja","success"
9.65,5.21,156,3,52.46,66.02,"Delta","auth","baja","failed"
39.86,7.63,157,0,67.92,15.52,"Delta","database","baja","rolled_back"
3.63,19.63,149,1,77.97,71.58,"Alpha","auth","media","success"
11.08,3.47,161,1,43.28,5.4,"Alpha","database","media","success"
12.89,4.31,154,3,68.17,35.79,"Gamma","ui","baja","success"
34.87,10.8,135,1,85.04,65.32,"Delta","ui","media","success"
18.29,8.47,145,0,66.64,12.77,"Beta","core","baja","success"
13.62,0.93,146,0,51.74,141.75,"Gamma","database","alta","success"
4.88,8.8,136,4,58.74,6.77,"Beta","database","media","success"
23.26,1.87,144,1,90.73,6.59,"Delta","auth","critica","failed"
21.14,17.84,151,0,75.34,4.28,"Delta","database","media","success"
44.42,17.3,167,0,64.02,41.8,"Beta","auth","baja","success"
7.68,6.26,161,1,90.73,2.17,"Delta","database","baja","success"
37.77,13.7,181,3,94.08,2.18,"Delta","api","media","success"
2.78,2.48,149,2,87.56,41.03,"Delta","auth","alta","success"
35.38,0.79,154,1,89.93,27.35,"Gamma","auth","alta","success"
11.45,17.48,156,1,70.11,4.81,"Gamma","ui","alta","rolled_back"
7.32,14.77,161,1,64.57,0.85,"Alpha","core","media","success"
9.79,18.29,152,0,93.6,3.7,"Alpha","api","alta","success"
10.89,0.71,143,3,41.74,55.5,"Gamma","database","alta","success"
42.14,1.28,150,0,58.68,2.64,"Delta","ui","baja","success"
44.51,6.89,135,3,77.11,53.41,"Alpha","ui","media","success"
14.99,8.04,157,1,88.93,11.87,"Gamma","auth","media","success"
7.47,12.55,162,1,90.69,5.49,"Alpha","auth","media","success"
30.25,9.48,138,0,83.84,17.92,"Gamma","api","alta","success"
26.94,1.99,159,2,67.88,8.04,"Gamma","ui","media","success"
16.47,9.93,131,0,60.67,33.47,"Gamma","core","baja","success"
36.91,18,152,0,72.15,32,"Delta","core","media","success"
13.82,7.03,158,1,70.23,75.31,"Delta","ui","critica","success"
38.29,17.81,143,2,81.06,0.33,"Gamma","core","baja","success"
7.46,4.2,149,1,84.12,6.16,"Gamma","auth","baja","success"
38.99,5.37,173,0,66.76,18.67,"Gamma","core","alta","success"
4.42,17.24,153,0,92.29,0.17,"Beta","api","baja","success"
20.43,17.44,154,4,41.07,43.2,"Alpha","api","media","success"
31.09,7.8,140,1,64.03,0.28,"Beta","auth","baja","success"
10.45,11.77,164,2,64.13,4.43,"Beta","auth","baja","failed"
42.5,10.03,150,1,75.03,19.75,"Beta","database","alta","success"
18,14.97,152,1,66.33,33.12,"Delta","api","baja","success"
28.74,4.9,153,0,81.59,3.32,"Alpha","auth","baja","success"
9.48,15.1,148,1,46.57,58.39,"Delta","database","baja","success"
30.18,16.58,157,3,79.27,5.54,"Beta","api","alta","success"
33.46,2.44,173,0,44.97,85.32,"Delta","auth","baja","success"
23.06,5.88,153,1,86.95,7.9,"Alpha","database","media","success"
39.29,0.92,148,2,90.38,25.17,"Delta","ui","baja","success"
37.68,12.13,147,5,59.76,7.35,"Gamma","ui","critica","success"
44.27,19.73,163,1,60.09,19.77,"Delta","database","critica","success"
30.51,16.98,139,3,58.06,8.62,"Alpha","core","media","rolled_back"
29.46,12.03,136,2,94.89,43.44,"Alpha","database","baja","rolled_back"
3.46,7.2,171,4,90.68,44.89,"Delta","auth","baja","failed"
9.8,13.1,153,2,72.59,14.82,"Alpha","ui","alta","success"
2.92,1.22,147,1,71.34,1.13,"Delta","core","media","success"
38.35,2.77,171,2,64.32,2.47,"Delta","api","alta","success"
19.96,10.57,155,0,44.53,2.09,"Gamma","auth","media","success"
37.05,17.49,147,1,46.05,25.89,"Alpha","database","media","success"
8.1,2.5,142,2,68.78,5.23,"Delta","api","baja","success"
19.15,19.36,144,2,56.51,46.42,"Alpha","ui","baja","success"
32.93,19.01,152,1,98.27,21.83,"Delta","api","alta","success"
4.09,18.77,141,1,60.13,1.98,"Beta","ui","alta","rolled_back"
15.87,15.29,154,0,43.5,0.41,"Alpha","auth","baja","success"
35.29,0.92,150,0,64.83,36.71,"Alpha","database","alta","success"
38.06,8.82,127,2,40.53,44.15,"Beta","api","baja","success"
39.37,3.41,173,0,82.39,72.66,"Gamma","api","critica","success"
42.96,8.9,141,2,61.55,14.28,"Alpha","core","media","success"
18.2,11.01,172,3,58.15,114.78,"Beta","core","media","success"
42.85,14.95,168,1,68.64,13.87,"Beta","database","baja","failed"
32.13,15.26,141,3,59.72,10.98,"Alpha","ui","baja","success"
19.86,18.29,149,1,86.83,5.08,"Gamma","ui","alta","rolled_back"
18.52,6.22,154,0,59.76,2.05,"Beta","api","baja","failed"
10.66,11.34,160,0,42.95,22.19,"Gamma","ui","media","success"
34.23,4.31,157,3,89.07,5.93,"Beta","auth","media","success"
20.86,15.64,152,0,45.48,14.36,"Alpha","api","baja","success"
21.22,12.02,118,1,61.93,20.08,"Alpha","api","baja","success"
5.12,11.09,137,0,70.08,64.37,"Alpha","api","alta","rolled_back"
17.38,3.87,132,0,80.59,22.86,"Beta","api","alta","success"
40.43,18.17,143,0,82.74,14.96,"Beta","auth","media","failed"
25.18,19.6,138,1,77.34,1.83,"Gamma","database","critica","success"
2.84,19.8,157,4,89.12,25.38,"Delta","core","media","success"
18.4,1.16,150,4,95,20.69,"Delta","core","baja","success"
6.43,3.36,152,2,43.49,2.42,"Gamma","api","media","failed"
13.56,14.04,134,1,99,4.22,"Beta","auth","media","success"
32.8,2.65,175,0,67.99,8.05,"Alpha","database","baja","success"
17.86,0.95,148,1,86,4.27,"Beta","auth","alta","success"
29.1,0.78,151,1,79,63.2,"Alpha","core","baja","success"
23.11,6.56,161,0,70.62,5.72,"Delta","api","media","success"
36.63,12.48,140,1,50.99,10.56,"Gamma","api","media","success"
26.83,18.66,155,3,43.4,20.98,"Alpha","auth","critica","success"
8.98,5.11,167,1,46.85,2.4,"Delta","api","baja","failed"
42.27,17.45,147,2,52.85,27.04,"Beta","auth","alta","success"
3.84,17.38,142,1,90.86,18.05,"Gamma","api","baja","success"
5.29,2.08,144,2,49.83,116.33,"Alpha","auth","media","success"
38.11,0.96,143,2,53.8,10.8,"Alpha","ui","baja","rolled_back"
19.81,1.86,148,3,62.41,11.66,"Delta","api","critica","success"
32.71,11.79,155,1,96.81,54.87,"Beta","auth","baja","rolled_back"
33.52,10.7,159,2,76.95,0.82,"Delta","ui","media","success"
44.45,13.34,184,1,95.15,16.87,"Delta","core","media","success"
43.3,3.82,165,0,92.73,6.85,"Alpha","api","media","success"
7.67,1.93,161,2,67,0.13,"Alpha","ui","baja","success"
30.43,13.32,153,2,45.62,60.95,"Alpha","database","baja","success"
2.94,0.8,145,2,49.22,16.15,"Delta","auth","media","success"
23.01,3.67,148,1,48.41,26.44,"Gamma","auth","alta","success"
35.92,12.35,154,1,41.03,5.77,"Delta","ui","baja","success"
18,1.55,140,0,61.2,3.53,"Delta","auth","alta","success"
42.75,1.76,165,1,87.34,37.61,"Beta","core","alta","success"
30.24,7,137,0,94.79,11.22,"Alpha","ui","critica","success"
20.33,3.12,138,0,66.03,23.26,"Alpha","ui","baja","success"
37.98,2.65,147,1,51.31,4.58,"Delta","database","critica","success"
36.5,6.24,138,1,98.64,8.56,"Gamma","core","baja","success"
20.08,17.3,153,1,97.6,85.07,"Delta","core","baja","success"
15.83,14.67,142,3,98.61,52.45,"Gamma","api","critica","success"
26.08,7.69,175,1,80.54,0.45,"Gamma","database","baja","success"
38.96,2.07,156,1,50.02,18.11,"Delta","ui","baja","success"
26.99,9.96,134,2,73.73,59.15,"Beta","api","baja","success"
29.56,3.92,137,3,71.91,27.28,"Gamma","ui","media","success"
34.87,18.37,157,4,54.17,12.77,"Delta","database","baja","rolled_back"
31.64,1.79,160,1,68.39,12.88,"Gamma","api","alta","success"
39.21,19.38,138,1,42.84,30.1,"Beta","ui","baja","success"
5.62,7.72,160,0,99.51,4.84,"Gamma","ui","baja","success"
28.03,9.84,145,0,51.07,55,"Alpha","ui","media","success"
11.98,4.38,146,0,97.74,58.51,"Delta","ui","media","success"
21.93,12.8,130,0,96.17,4.85,"Delta","database","media","success"
13.85,18.67,152,1,66.19,13.51,"Delta","core","critica","success"
41.45,18.14,145,3,41.41,23.98,"Delta","database","baja","success"
18.89,11.4,145,0,52.94,25.77,"Alpha","ui","baja","success"
26.09,8.9,152,2,72.87,43.99,"Beta","ui","media","success"
5.02,19.45,156,3,92.23,41.43,"Gamma","ui","alta","success"
42.51,3.39,152,0,70.76,19.28,"Delta","auth","baja","success"
33.51,7.51,154,1,47.31,97.34,"Beta","api","alta","success"
22.18,16.88,148,0,69.06,1.63,"Gamma","database","baja","success"
9.41,15.58,155,1,86.77,15.03,"Alpha","core","baja","success"
33.27,1.74,139,2,72.72,2.18,"Alpha","api","media","success"
28.24,9.19,136,3,96.37,3.52,"Delta","core","media","success"
4.16,8.36,166,1,97.28,24.24,"Delta","database","baja","rolled_back"
3.82,6.16,124,1,78.58,4.22,"Gamma","auth","baja","failed"
21.3,7.2,124,0,78.84,3.15,"Gamma","api","media","success"
9.37,18.68,163,1,60.81,38.32,"Delta","ui","baja","success"
22.87,6.36,146,5,77.35,6.29,"Alpha","database","media","success"
44.21,18.26,152,0,72.51,11.27,"Alpha","ui","baja","success"
11.25,0.56,156,2,43.19,40.9,"Beta","ui","media","success"
32.49,6.3,165,0,71.22,2.05,"Delta","ui","baja","success"
8.03,5.93,142,1,57.71,6.51,"Gamma","auth","media","success"
24.37,2.35,159,1,74.25,62.06,"Beta","ui","baja","success"
37.54,18,138,2,61.63,3.78,"Delta","core","baja","success"
7.02,11.69,163,1,76.65,15.29,"Gamma","core","baja","success"
37.16,6.73,146,0,90.76,40.63,"Alpha","ui","media","success"
12.2,19.23,163,1,88.42,13.48,"Beta","database","media","success"
5.72,5.72,148,2,71.95,7.22,"Beta","database","media","success"
8.62,17.35,142,0,69.83,46.41,"Alpha","ui","media","success"
30.4,5.43,171,3,44.68,6.67,"Delta","core","media","failed"
30.97,0.84,143,0,80.71,5.4,"Alpha","api","alta","success"
7.28,4.22,136,1,93.56,7.51,"Alpha","database","baja","success"
44.11,0.83,154,0,51.77,78.66,"Alpha","core","media","success"
7.88,11.38,146,0,98.27,62.06,"Delta","core","media","success"
42.47,11.62,123,3,96.95,22.88,"Alpha","auth","media","success"
31.97,14.61,169,1,70.08,50.99,"Gamma","database","baja","success"
26.21,17.15,145,0,75.27,35.12,"Delta","auth","baja","success"
12.22,18.56,159,0,55.8,6.11,"Beta","database","baja","success"
16.33,9.02,144,1,97.83,4.69,"Alpha","database","baja","success"
38.03,1.64,145,0,82.27,22.37,"Gamma","core","baja","success"
41.59,5.93,153,1,81.51,5.09,"Gamma","ui","baja","success"
23.92,13.25,145,2,99.24,13.42,"Gamma","ui","baja","success"
40.13,18.94,166,0,84.18,12.29,"Gamma","core","media","success"
32.13,9.06,139,2,54.44,27.09,"Delta","auth","critica","success"
19.93,19.47,160,0,94.33,15.56,"Delta","ui","baja","success"
14.56,12.44,140,2,79.7,76.85,"Beta","ui","media","success"
43.41,11.28,136,0,68.97,28.71,"Alpha","api","baja","success"
6.93,3.45,160,1,72.36,5.86,"Beta","auth","baja","success"
31.09,8.75,133,0,54.1,26.47,"Gamma","api","critica","success"
37.16,10.6,146,0,48.21,12.45,"Gamma","ui","media","success"
10.91,12.48,143,2,80.36,44.29,"Gamma","database","alta","success"
27.34,2.92,173,4,74.02,9.94,"Beta","database","baja","success"
8.53,7.71,150,1,83.32,0.65,"Beta","core","baja","failed"
19.14,15.03,160,0,55.82,10.44,"Delta","ui","media","success"
11.89,4.21,180,1,78.49,4.75,"Gamma","ui","media","success"
24.45,3.85,162,1,65.81,15.38,"Alpha","api","media","success"
30.69,1.62,138,1,71.82,8.53,"Beta","ui","baja","success"
40.98,10.74,162,1,56.64,8.56,"Gamma","api","baja","success"
15.98,6.89,122,1,56.09,11.68,"Beta","auth","baja","success"
12.05,0.83,161,2,79.24,39.77,"Beta","core","baja","success"
14.98,15.07,155,1,53.61,4.15,"Delta","ui","baja","success"
11.37,12.75,165,0,81.74,15.49,"Gamma","core","media","failed"
6.85,19.44,157,1,44.79,1.53,"Alpha","ui","alta","failed"
13.15,17.39,128,2,58.92,34.1,"Gamma","api","media","success"
41.68,9.68,150,1,50.81,22.33,"Delta","auth","alta","success"
3.96,15.68,153,1,96.39,4.46,"Alpha","api","media","success"
23.31,15.38,130,3,60.18,24.48,"Alpha","database","media","success"
36.03,17.15,159,0,51.37,10.75,"Gamma","core","media","success"
37.95,15.31,173,2,87.27,17.24,"Delta","api","media","success"
26.57,2.21,156,3,81.28,26.69,"Delta","database","baja","success"
12.02,13.83,128,1,86.59,23.87,"Beta","ui","media","success"
26.82,8.94,174,2,65.91,86.32,"Beta","ui","baja","success"
7.48,10.26,136,1,91.61,15.1,"Alpha","database","alta","rolled_back"
22.5,9.71,168,0,92.58,35.32,"Delta","api","baja","failed"
5.58,10.59,156,1,66.09,20.2,"Alpha","ui","alta","success"
14.77,15.4,153,2,71.04,19.49,"Delta","core","media","success"
30.94,13.34,154,2,65.73,75.89,"Delta","api","baja","success"
10.42,8.95,144,1,91.94,11.24,"Gamma","ui","media","success"
18.68,8.63,145,2,43.53,22.83,"Beta","core","critica","success"
36.42,8.68,131,1,48.19,19.37,"Gamma","auth","baja","success"
11.43,3.36,148,0,92.92,14.63,"Delta","api","media","success"
4.85,19.09,174,1,81.46,10.94,"Gamma","api","baja","success"
35.35,5.21,164,1,91.03,54.81,"Gamma","core","media","success"
30.65,17.32,155,0,96.16,0.48,"Beta","core","baja","success"
23.73,17.37,163,0,48.44,23.16,"Gamma","core","media","success"
10.81,1.27,152,3,82.51,9.61,"Gamma","auth","baja","success"
9.66,6.87,147,1,69.33,43.47,"Alpha","api","alta","failed"
28.08,7.33,192,1,48.05,30.57,"Alpha","database","media","success"
3.19,8.4,139,1,47.78,7.39,"Alpha","api","media","success"
11.48,3.63,159,1,84.31,35.18,"Alpha","database","media","failed"
37.34,18.91,156,1,94.51,9.85,"Gamma","core","baja","success"
14.57,19.97,161,1,89.77,5.06,"Gamma","api","media","success"
2.2,14.22,150,0,66.78,8.15,"Alpha","ui","baja","success"
43.33,6.56,128,1,97.28,26.31,"Delta","database","media","success"
5.32,5.5,170,1,47.63,41.05,"Gamma","core","media","success"
34.04,17.55,151,2,67.65,1.82,"Beta","ui","critica","success"
37.87,18.29,174,1,85.87,26.95,"Beta","ui","media","success"
2.2,11,162,2,93.92,50.16,"Beta","ui","critica","rolled_back"
38.6,12.16,131,1,67.28,24.01,"Beta","ui","alta","success"
25.44,11.09,154,3,41.1,7.54,"Alpha","api","baja","success"
16.28,12.52,142,1,75.92,26.96,"Beta","core","baja","success"
15.67,13.95,145,4,71.29,49.82,"Gamma","auth","baja","success"
29.31,15.94,139,0,45.46,8.4,"Delta","auth","alta","success"
7.06,9.14,123,0,78.3,10.51,"Alpha","core","media","success"
15.03,10.19,157,3,76.52,11.94,"Gamma","api","baja","success"
26.86,16.05,137,1,63.39,1.57,"Gamma","auth","media","success"
34.53,9.88,120,0,67.36,1.51,"Delta","api","critica","rolled_back"
25.5,14.39,156,1,83.77,5.63,"Gamma","database","media","failed"
31.42,12.61,161,1,71.21,11.92,"Delta","api","baja","success"
17.65,1.4,151,1,47.28,54.67,"Beta","database","baja","success"
40.94,7.64,141,1,52.44,4.64,"Alpha","ui","baja","success"
43.94,6.14,145,1,46.23,41.36,"Alpha","ui","media","success"
34.83,7.17,153,1,66.72,20.14,"Beta","ui","critica","success"
2.03,6.36,145,3,99.07,56.23,"Delta","ui","baja","success"
24.23,16.63,149,1,61.6,8.55,"Alpha","ui","media","success"
36.26,6.47,158,0,61.98,15.27,"Alpha","api","alta","success"
10.52,15.41,155,1,68.79,19.26,"Alpha","auth","media","success"
18.3,17.2,134,0,89.29,4.01,"Gamma","api","baja","success"
25.09,10.74,166,1,79.57,45.71,"Alpha","auth","baja","success"
33.88,18.66,165,0,46.29,79.09,"Gamma","core","baja","success"
16,16.95,154,1,97.76,0.18,"Beta","api","alta","success"
15.63,3.98,162,1,92.78,44.13,"Alpha","api","baja","failed"
19.93,1.46,149,0,88.73,6.09,"Alpha","core","alta","failed"
13.52,14.26,145,4,80.5,15.77,"Alpha","auth","media","rolled_back"
28.73,1.64,151,3,67.25,26.31,"Alpha","auth","alta","success"
3.4,2.86,151,2,89.69,2.18,"Delta","core","critica","success"
27.88,9.18,173,1,45.51,95.63,"Gamma","core","baja","failed"
19.64,6.13,142,3,53.43,0.86,"Delta","ui","baja","success"
3.4,8.7,134,1,42.75,5.07,"Delta","ui","baja","success"
44.71,12.54,183,1,45.64,9,"Gamma","database","media","success"
28.76,16.96,141,0,78.67,5.25,"Beta","api","baja","success"
37.99,8.79,130,3,77.37,34.17,"Alpha","api","baja","success"
18.77,7.15,167,2,89.89,19.04,"Alpha","api","alta","success"
42.96,5.34,154,0,65.59,2.92,"Beta","ui","critica","success"
17.96,1.84,139,1,99.84,14.21,"Gamma","core","baja","success"
37.17,2.53,146,0,86.01,21.52,"Alpha","auth","alta","success"
1.81,11.95,161,2,87.37,39.57,"Alpha","core","baja","success"
39.51,7.86,152,2,93.48,1.74,"Delta","auth","media","failed"
4.72,4.02,144,1,77.78,40.16,"Gamma","database","critica","success"
37.03,10.66,148,2,51.78,38.21,"Alpha","ui","baja","success"
26.99,16.5,143,2,70.55,41.38,"Beta","core","baja","failed"
31.2,14.4,157,1,69.5,105.01,"Gamma","auth","baja","failed"
32.57,1.91,144,2,66.88,28.07,"Delta","ui","critica","failed"
13.68,4.22,144,5,41,20.62,"Beta","ui","media","success"
30.8,0.93,160,1,72,33.15,"Alpha","core","baja","success"
14.42,14.57,172,2,77.02,21.96,"Beta","core","media","success"
26.34,8.75,145,1,60.69,32.63,"Beta","auth","baja","success"
3.88,2.88,165,0,47.1,9.46,"Beta","core","baja","success"
16.62,5.03,161,2,80.21,7.92,"Alpha","database","alta","success"
23.15,6.2,145,2,65.18,5.47,"Beta","auth","alta","success"
24.63,19.49,149,1,43.26,97.26,"Delta","database","media","success"
36.99,13.64,142,1,73.43,27.63,"Delta","ui","critica","success"
23.7,3.95,144,1,54.32,11.52,"Delta","database","media","success"
38.43,5.26,138,2,79.34,3.2,"Beta","core","alta","success"
27.35,9.02,142,2,63.03,5.86,"Beta","auth","media","failed"
24.9,4.75,160,1,79.3,27.52,"Gamma","api","alta","failed"
28.78,12.63,141,1,73.14,43.86,"Delta","core","media","success"
14.2,9.88,167,1,84.1,48.81,"Beta","api","alta","success"
26.17,15.5,158,0,89.27,51.46,"Alpha","auth","baja","success"
44.98,10.53,137,1,73.54,7.34,"Alpha","api","media","success"
41.54,6.68,167,4,50.37,9.35,"Gamma","ui","media","success"
34.97,16.59,159,0,73.36,35.64,"Beta","api","baja","failed"
38.2,18.6,148,1,84.17,3.86,"Beta","api","baja","failed"
41.62,8.45,138,3,58.48,18.45,"Beta","ui","critica","success"
27.63,3.52,156,1,80.29,10,"Gamma","api","critica","success"
17.5,1.37,157,3,65.54,1.12,"Alpha","ui","media","success"
33.99,16.23,130,4,92.52,72.9,"Delta","core","baja","success"
22.59,5.49,141,1,93.39,6.44,"Gamma","ui","media","success"
1.71,13.45,135,3,69.36,35.47,"Alpha","api","alta","success"
30.78,5.65,136,2,82.1,113.54,"Delta","api","baja","success"
19.06,3.18,157,0,92.98,2.12,"Gamma","auth","alta","failed"
42.96,3.92,151,0,65.62,17.62,"Beta","database","alta","success"
7.35,9.8,175,1,65.2,0.7,"Delta","api","baja","success"
17.93,12.71,162,2,41.16,19.41,"Alpha","api","baja","failed"
40.64,18.54,157,0,85.11,11.5,"Beta","api","media","success"
36.45,19.88,150,0,95.24,10.64,"Delta","auth","media","success"
23.53,5.53,149,0,89.07,76.69,"Delta","auth","alta","success"
2.29,15.84,155,0,93.71,21.47,"Beta","database","critica","success"
12.39,5.47,142,1,51.49,9.03,"Delta","auth","alta","success"
14.81,9.05,132,2,84.9,23.07,"Beta","core","media","failed"
30.28,17.21,153,1,42.33,1.42,"Beta","auth","baja","success"
5.77,14.01,147,1,66.48,12.91,"Delta","ui","baja","failed"
43.49,7.06,158,0,62.64,4.34,"Beta","api","baja","success"
39.22,18.55,158,0,44.41,4.06,"Delta","api","media","success"
13.89,9.01,144,1,76.68,78.31,"Delta","core","baja","failed"
20.41,7.88,161,2,90.4,16.94,"Alpha","api","alta","success"
16.33,16.22,155,1,65.84,1.96,"Gamma","core","baja","success"
16.64,15.06,165,0,69.57,20.2,"Gamma","api","media","success"
14.73,11.58,158,0,61.29,2.08,"Delta","ui","media","success"
41.28,14.4,134,0,88.05,4.23,"Delta","api","baja","success"
13.84,6.71,167,1,41.95,32.41,"Gamma","core","baja","rolled_back"
39.25,9.3,158,2,81.43,7.98,"Gamma","database","media","success"
37.03,18.68,148,0,42.69,2.05,"Delta","database","baja","success"
9.53,10.69,142,0,48.2,50.74,"Beta","ui","baja","success"
11.38,6.94,146,0,44.43,2.4,"Delta","ui","baja","success"
30.45,14.98,142,0,51.29,5.46,"Beta","auth","baja","success"
21.86,15.94,137,1,47.84,5.5,"Delta","auth","alta","success"
6.27,10.05,174,1,80.05,10.08,"Beta","core","baja","failed"
7.84,14.85,151,1,45.66,7.49,"Beta","database","baja","success"
15.3,7.66,131,0,81.23,1.53,"Gamma","ui","baja","failed"
27.91,7.01,148,0,67.33,78.1,"Delta","ui","baja","rolled_back"
42.7,5.89,158,0,89.52,29.36,"Alpha","auth","baja","success"
19.88,19.9,154,2,73.92,50.59,"Gamma","database","baja","success"
41.8,12.48,162,1,66.2,10.14,"Alpha","core","alta","success"
5.83,8.14,151,2,65.24,10.39,"Delta","database","alta","success"
39.18,9.82,150,0,63.5,49.21,"Beta","auth","media","success"
12.83,1.34,157,1,93.36,12.05,"Beta","database","media","success"
13.86,7.42,156,2,63.05,1.3,"Delta","ui","media","success"
8.71,8.87,153,1,97.01,0.08,"Beta","database","media","success"
2.8,11.62,130,3,74.44,2.02,"Gamma","auth","baja","success"
5.77,12.75,145,1,75.9,29.57,"Beta","core","baja","success"
6.71,4.78,148,2,59.37,22.19,"Gamma","auth","baja","success"
9.95,17,140,1,78.55,56.59,"Alpha","ui","media","success"
37.59,4.62,162,1,59,35.32,"Delta","ui","baja","success"
2.17,15.34,154,2,99.69,16.29,"Alpha","database","media","success"
18.28,18.35,150,1,76.75,13.2,"Delta","api","media","success"
41.27,6.1,149,0,63.83,3.47,"Delta","auth","baja","success"
2.16,4.19,143,1,51.18,1.33,"Beta","database","media","failed"
14.97,19.67,150,2,46.3,41.33,"Gamma","auth","media","failed"
20.14,12.67,141,2,48.16,8.05,"Beta","api","critica","success"
25.95,19.1,158,1,64.49,38.73,"Delta","ui","baja","success"
41.55,3.75,139,1,71.18,23.33,"Gamma","auth","baja","success"
23.99,6.32,150,2,91.25,18.44,"Beta","ui","critica","success"
33.69,8.47,153,1,79.7,32.19,"Alpha","api","baja","success"
28.38,1.47,130,4,62.75,4.95,"Alpha","api","media","failed"
10.45,13.21,144,0,98.83,162.41,"Alpha","auth","baja","success"
23.63,4.85,147,1,99.44,28.29,"Alpha","database","baja","success"
4.16,3.55,180,1,52.47,7.49,"Delta","api","critica","success"
35.19,14.56,153,0,43.15,56.68,"Gamma","api","alta","success"
10.38,14.62,150,2,96.34,16.78,"Beta","auth","alta","success"
38.78,5.64,157,2,68.15,13.71,"Gamma","api","media","success"
23.85,11.94,158,1,57.16,19.09,"Alpha","core","alta","success"
12.45,15.83,130,1,47.62,14.37,"Gamma","ui","baja","rolled_back"
36.85,7.83,156,0,91.67,39.16,"Alpha","api","alta","failed"
4.41,3.56,156,2,60.79,41.43,"Beta","ui","baja","success"
2.64,12.14,169,0,46.35,11.56,"Alpha","api","alta","success"
27.44,2.57,153,0,52.02,11.56,"Delta","ui","baja","success"
38.34,10.83,143,3,40.73,10.25,"Alpha","auth","baja","success"
21.18,14.77,144,1,87.58,61.67,"Delta","ui","baja","failed"
23.34,4.41,164,2,49.95,5.86,"Beta","auth","baja","success"
10.62,11.04,146,1,65.52,0.72,"Beta","database","baja","failed"
32.63,2.08,158,1,94.66,4.19,"Gamma","ui","baja","success"
24.83,7.66,159,1,43.35,92.57,"Alpha","auth","critica","success"
3.64,11.07,134,1,68.85,1.94,"Alpha","core","media","success"
37.29,9.2,138,3,96.59,34.45,"Delta","api","baja","success"
12.48,3.57,174,2,51.93,5.73,"Beta","api","media","success"
24.18,7.3,171,1,63.36,85.24,"Alpha","api","media","success"
15.72,9.98,145,1,68.94,1.56,"Beta","ui","baja","success"
6.3,1.03,161,1,66.45,1.49,"Alpha","database","baja","success"
38.55,1.47,153,1,73.23,37.3,"Delta","auth","media","success"
28.67,2.08,140,2,54.02,0.43,"Alpha","database","media","success"
38.39,3.94,135,2,50.41,6.74,"Beta","core","baja","success"
6.98,15.39,149,2,42.65,13.53,"Delta","api","alta","success"
30.57,12.34,155,3,45.25,30.82,"Beta","api","alta","success"
27.95,14.89,144,1,59.77,17.49,"Delta","ui","critica","success"
42.64,17.12,169,0,72.55,14.1,"Beta","ui","media","success"
26.76,19.94,150,1,68.47,13.3,"Alpha","core","baja","success"
14.69,11.56,160,0,57.14,15.64,"Delta","api","baja","success"
42.16,1.83,139,2,57.93,23.31,"Delta","core","media","success"
38.23,3.62,150,1,80.86,17.57,"Beta","ui","media","success"
19.97,7.3,147,1,57.58,45.51,"Gamma","api","media","success"
22.63,7.11,149,0,52.46,5.27,"Delta","core","baja","success"
34.93,9.95,152,2,43.93,22.89,"Gamma","database","baja","success"
12.47,17.33,137,0,41.39,43.09,"Alpha","database","baja","success"
36.82,14.42,151,1,93.76,6.3,"Beta","core","critica","success"
37.26,14.11,150,2,57.07,20.39,"Alpha","ui","baja","success"
19.65,3.34,153,4,72.83,77.12,"Delta","database","baja","success"
41.36,15.8,162,1,91.97,2.98,"Delta","database","media","success"
4.58,11.93,154,3,79.36,25.22,"Alpha","core","baja","success"
36.74,16.89,141,1,61.71,23.35,"Gamma","ui","media","success"
22.64,4.67,144,0,96.96,19.94,"Beta","ui","baja","success"
14.78,13.12,179,1,50.19,4.27,"Beta","api","media","success"
28.38,10.27,137,1,43.96,23.76,"Gamma","core","baja","success"
15.39,17.39,152,1,85.69,13.43,"Alpha","database","media","success"
29.88,1.6,138,0,42.7,12.25,"Alpha","ui","media","success"
41.34,3.72,148,2,74.36,24.35,"Gamma","core","media","success"
26.25,4.06,127,3,85.02,10.69,"Gamma","database","media","success"
29.25,12.55,164,0,52.83,3.64,"Gamma","ui","critica","success"
19.6,4.84,153,1,96.49,13.88,"Gamma","api","baja","success"
36.15,7.66,173,3,93,20.32,"Beta","database","baja","success"
39.01,13.27,157,1,71.65,22.42,"Alpha","ui","critica","failed"
17.48,11.81,148,0,93.05,64.74,"Gamma","core","alta","success"
22.73,17.61,156,0,91.59,35.44,"Gamma","api","media","success"
40.49,18.2,133,1,96.69,7.45,"Beta","core","critica","success"
21.68,4.14,148,3,86.35,14.99,"Beta","auth","media","success"
10.61,14.01,147,3,73.04,6.25,"Alpha","core","baja","success"
30.92,4.05,154,2,69.12,15.31,"Gamma","api","critica","failed"
33.43,5.66,136,0,61,5.58,"Alpha","ui","media","rolled_back"
29.89,9.82,148,1,78.18,21.36,"Beta","auth","critica","success"
10.5,7.58,178,1,60.02,45.12,"Beta","core","baja","success"
43.29,7.5,148,3,44.65,2.9,"Delta","ui","critica","success"
1.8,3.83,158,2,99.37,0.16,"Gamma","api","media","failed"
40.74,10.57,145,1,50.39,9.31,"Alpha","database","baja","success"
5.4,9.55,140,0,98.17,33.28,"Beta","auth","media","success"
37.91,5.89,149,1,66.92,2.53,"Beta","core","media","success"
25.61,6.52,145,1,75.54,36.19,"Beta","auth","media","success"
27.75,6.53,157,0,78.8,40.73,"Alpha","database","alta","failed"
36.79,15.82,170,1,95.19,27.65,"Gamma","core","critica","success"
12.94,6.44,141,0,67.02,1.87,"Beta","ui","media","success"
3.24,6.57,163,1,65.91,8.42,"Beta","database","baja","success"
7.52,9,142,0,47.87,1.96,"Delta","api","media","success"
6.08,15.34,162,1,82.55,96.41,"Alpha","database","critica","failed"
9.13,10.5,149,0,62.82,1.94,"Alpha","ui","critica","success"
43.31,15.41,142,0,42.35,18.39,"Beta","ui","baja","success"
9.94,14.96,149,0,86.68,14.55,"Beta","auth","media","success"
15.95,6.97,158,2,73.13,5.14,"Gamma","database","baja","success"
31.62,11.81,160,0,73.79,57.06,"Gamma","core","baja","success"
31.67,18.5,142,0,87.43,35.6,"Beta","database","baja","success"
13.95,13.51,130,1,52.72,4.49,"Delta","auth","media","success"
14.51,10.46,151,2,89.61,20.12,"Gamma","database","baja","success"
20.2,3.84,147,0,45.48,22.74,"Delta","core","media","failed"
18.14,5.51,153,1,67.12,15.6,"Beta","api","alta","success"
40.95,9.74,136,1,60.19,31.32,"Gamma","ui","baja","success"
24.76,10.83,158,2,98.95,40.75,"Alpha","core","alta","success"
27.92,11.42,148,0,95.16,55.36,"Beta","auth","baja","success"
23.44,3.64,154,2,89.93,57.15,"Beta","database","media","success"
23.44,2.72,145,3,56.05,26.9,"Beta","core","media","success"
19.93,14.98,136,3,99.6,17.16,"Gamma","auth","media","success"
10.96,4.89,132,0,78.21,62.75,"Beta","ui","media","failed"
15.39,4.11,149,0,53.11,62.32,"Alpha","database","baja","success"
12.01,6.56,155,2,79.95,8.06,"Alpha","core","critica","success"
1.55,18.09,160,2,41.9,5.97,"Alpha","api","baja","success"
11.24,10.45,153,1,70.43,41.29,"Delta","api","baja","success"
43.66,0.87,136,0,67.7,70.62,"Beta","auth","media","failed"
20.31,0.74,146,0,99.48,2.13,"Alpha","core","baja","success"
43.4,3.09,131,3,41.23,17.14,"Gamma","api","baja","success"
12.63,18.22,136,2,73.5,50.05,"Alpha","ui","baja","success"
7.39,7.67,136,2,45.99,20.12,"Alpha","database","media","success"
25.97,12.71,164,3,61.35,23.78,"Beta","database","baja","success"
20.35,5.21,177,1,44.16,31.3,"Gamma","ui","baja","success"
39.04,14.67,155,1,87.15,20.38,"Alpha","auth","alta","success"
41.32,18.26,148,2,55.23,0.56,"Gamma","database","baja","success"
28.4,13.85,171,2,74.29,7.1,"Alpha","auth","baja","success"
38.08,9.78,157,2,86.22,29.59,"Beta","api","baja","success"
14.04,11.91,152,1,73.01,1.42,"Alpha","auth","baja","success"
40.61,12.95,164,1,52.28,4.69,"Beta","database","critica","success"
7.64,0.61,130,1,44.28,7.35,"Alpha","ui","media","failed"
7.67,15.33,139,3,44.85,1.39,"Delta","ui","media","success"
26.71,10.61,161,1,63.88,32.2,"Gamma","ui","baja","success"
44.78,11.43,139,0,71.98,33.12,"Beta","ui","baja","success"
24.71,9.85,149,1,58.45,3.93,"Beta","auth","baja","failed"
7.09,16.72,133,0,83.08,4.73,"Gamma","api","baja","success"
9.2,1.18,140,0,90.8,79.27,"Gamma","auth","media","success"
35.19,13.56,175,0,94.87,18.85,"Gamma","ui","baja","failed"
29.8,15.8,159,1,67.31,23.66,"Beta","core","media","success"
25.69,15.27,134,2,53.97,12.93,"Alpha","ui","media","success"
33.93,1.87,152,0,96.06,10.34,"Gamma","ui","baja","failed"
16.43,1.84,149,2,84.27,54.08,"Delta","core","media","success"
18.52,7.6,157,2,93.26,2.63,"Gamma","ui","media","success"
16.82,3.04,155,0,81.3,8.93,"Alpha","core","baja","success"
28.59,1.58,162,1,73.94,26.05,"Alpha","core","critica","failed"
8.49,0.75,153,1,53.81,51.52,"Gamma","api","alta","rolled_back"
12.22,6.45,149,0,84.96,9.39,"Gamma","database","media","success"
42.72,8.3,156,0,77.69,15.55,"Beta","auth","baja","success"
44.49,17.01,148,0,86.81,9.22,"Alpha","auth","critica","success"
24.8,18.52,163,0,50.69,7.49,"Delta","database","critica","success"
3.47,9.94,145,0,82.74,16.54,"Gamma","auth","baja","success"
27.7,3.7,164,2,60.94,43.32,"Alpha","api","baja","failed"
32.89,7.77,162,0,85.33,68.72,"Delta","core","media","success"
26.86,12.66,147,0,74.72,16.28,"Delta","core","alta","success"
24.4,18.15,137,0,50.65,27.52,"Beta","ui","baja","rolled_back"
16.89,13.57,157,2,96.88,11.69,"Gamma","api","media","failed"
4.98,18.43,159,1,65.56,4.47,"Gamma","ui","critica","success"
7.09,12.09,160,1,69.42,46.2,"Alpha","core","alta","success"
17.42,7.82,142,0,70.43,25.11,"Gamma","ui","baja","success"
27.61,8.07,164,2,63.13,10.55,"Beta","core","alta","rolled_back"
11.85,4.96,154,0,77.02,4.05,"Alpha","auth","baja","success"
2.29,5.73,166,3,87.7,11.54,"Gamma","auth","media","success"
14.98,13.9,135,1,78.01,8.65,"Gamma","ui","baja","success"
4.89,5.61,162,2,65.67,14.93,"Delta","database","baja","success"
12.41,13.81,139,1,70.53,2.21,"Alpha","database","media","success"
7.63,10.39,133,0,41.66,10.23,"Delta","api","alta","success"
17.6,17.72,135,0,63.49,44.87,"Gamma","auth","media","success"
7.61,18.11,151,0,61.15,8.67,"Beta","api","media","success"
26.21,3.14,162,1,48.14,6.5,"Gamma","api","baja","success"
25.11,4.67,133,0,63.31,17.6,"Gamma","api","media","success"
8.62,10.16,163,1,50.38,42.09,"Gamma","ui","alta","success"
42.61,9.3,146,0,72.3,15.46,"Alpha","auth","critica","success"
28.73,13.72,138,3,55.42,4.83,"Delta","api","media","success"
4.32,11.02,149,1,54.98,14.68,"Alpha","core","baja","success"
9.37,4.48,147,1,87.01,22.2,"Gamma","api","baja","success"
30.55,15.82,146,1,75.74,9.23,"Gamma","api","media","success"
40.94,2.39,142,0,78.03,17.01,"Gamma","core","baja","success"
36.99,8.47,176,1,62.89,15.82,"Alpha","core","media","failed"
20.75,1.07,152,2,97.6,3.39,"Alpha","auth","media","success"
8.51,14.89,125,3,51.72,8.94,"Beta","api","media","success"
8.71,9.89,152,2,98.93,11.14,"Delta","api","baja","success"
22.33,1.81,145,4,76.29,70.72,"Gamma","auth","alta","success"
18.72,9.94,142,2,47.87,124.17,"Delta","auth","media","success"
36.08,15.39,173,1,47.31,0.89,"Alpha","auth","baja","success"
34.99,6.87,156,2,63.64,8.33,"Gamma","core","media","success"
18.86,11,146,3,78.56,27.43,"Alpha","api","media","success"
28.91,9.66,146,0,79.77,5.09,"Beta","ui","baja","success"
19.45,3.16,142,3,90.15,15.69,"Beta","api","alta","success"
17.39,1.71,139,1,98.51,7.96,"Gamma","auth","baja","success"
28.51,0.69,157,0,56.22,8.79,"Beta","database","media","success"
43.08,15.81,153,0,42.2,93.51,"Delta","core","baja","success"
22.21,7.47,132,3,90.19,13.64,"Delta","ui","critica","success"
28.49,11.55,149,1,93.29,3.45,"Beta","api","media","success"
14.08,15.09,152,0,73.32,61.88,"Alpha","ui","media","success"
19.23,5.82,144,1,69.02,13.04,"Alpha","api","baja","success"
20.85,12.69,154,1,87.99,25.47,"Alpha","api","media","rolled_back"
13.83,7.1,156,1,63.3,15.71,"Beta","auth","alta","failed"
43.7,7.48,139,2,42.2,36.41,"Delta","ui","baja","success"
39.89,15.84,151,0,86.42,76.4,"Gamma","core","critica","success"
36.69,10.64,145,0,42.17,1.58,"Gamma","api","baja","success"
32.31,7.41,140,0,98.81,33,"Gamma","api","media","success"
9.34,11.46,145,0,51.54,8.57,"Gamma","api","baja","failed"
4.28,19.66,157,0,69.51,2.81,"Alpha","auth","alta","success"
6.14,4.91,152,2,98.83,25.22,"Delta","ui","baja","success"
38.4,17,164,3,49.12,75.48,"Delta","api","critica","success"
17.14,10.67,139,0,93.86,35.65,"Beta","database","baja","success"
35.65,4.96,143,0,58.14,0.69,"Alpha","auth","baja","success"
41,11.12,127,0,64.86,5.44,"Gamma","ui","media","success"
29.05,3.26,158,0,90.07,19.42,"Delta","ui","baja","failed"
28.26,5.08,144,4,99.51,81.43,"Beta","auth","alta","rolled_back"
4.44,14.95,134,2,80.64,22.56,"Delta","core","baja","success"
12,11.78,140,2,59.62,102.25,"Beta","database","critica","success"
19.37,10.23,138,1,65.42,66.43,"Gamma","core","media","success"
36.79,12.63,157,4,89.34,9.02,"Delta","auth","critica","success"
17.99,15.11,135,1,67.64,3.05,"Delta","api","alta","success"
20.94,14.16,124,0,74.82,27.32,"Beta","api","media","success"
26.32,3.72,152,3,62.08,1.8,"Beta","auth","media","success"
7.21,15.35,149,0,96.38,36.56,"Alpha","api","baja","failed"
2.07,10.97,160,0,91.85,23.92,"Gamma","core","media","success"
30.98,13.35,147,1,73.18,8.33,"Alpha","core","critica","success"
37.83,9.75,142,0,86.3,7.13,"Delta","core","media","success"
42.23,12.56,141,2,91.37,23.91,"Delta","auth","baja","success"
4.04,16.81,154,1,67.64,109.14,"Gamma","core","baja","success"
30.56,9.51,149,1,44.21,30.87,"Gamma","api","baja","success"
18.28,12.19,152,2,50.86,31.12,"Beta","ui","baja","success"
26.56,13.63,150,1,62.18,19.06,"Delta","core","media","success"
7.54,7.62,178,2,93.69,21.76,"Beta","api","baja","rolled_back"
12.63,2.49,161,0,68.2,5.46,"Delta","database","baja","success"
15.12,7.88,152,3,72.91,18.28,"Alpha","database","alta","success"
32.61,15,129,1,51.8,6.56,"Beta","api","baja","success"
9.71,11.73,162,1,67.37,66.11,"Alpha","database","baja","success"
7.68,6.28,129,0,44.8,56.97,"Gamma","api","baja","success"
26.47,5.68,156,2,75.33,11.35,"Gamma","ui","baja","failed"
3.64,19.81,135,1,57.43,12.15,"Alpha","api","baja","rolled_back"
20.42,12.05,147,2,76.07,5.92,"Alpha","auth","alta","success"
22.5,5.87,151,2,90.18,37.81,"Gamma","ui","alta","success"
21.72,2.08,156,3,86.58,22.04,"Delta","core","baja","success"
22.65,0.54,136,1,69.21,18.04,"Alpha","auth","media","success"
33.58,7.08,157,1,96.76,19.57,"Alpha","auth","media","success"
44.61,18.34,151,2,88.89,10.97,"Delta","ui","alta","success"
38.06,16.53,145,2,40.48,7.1,"Delta","core","baja","success"
6.37,5.86,157,3,79.3,5.84,"Alpha","database","baja","success"
38.97,9.73,153,1,73.81,69.98,"Delta","core","baja","success"
26.2,14.61,157,1,79.8,48.27,"Gamma","core","baja","success"
31.22,17.8,143,2,63.42,21.84,"Delta","api","baja","success"
35.85,11.99,137,1,92.6,40.24,"Beta","ui","alta","success"
19.01,10.38,135,2,91.22,0.4,"Beta","api","media","success"
38.62,17.34,168,3,71.26,5.04,"Gamma","auth","baja","success"
9.75,16.85,165,1,71.99,3.76,"Delta","database","media","success"
23.06,4.07,137,2,64.71,20.54,"Gamma","ui","media","success"
6.72,12.71,143,0,78.2,14.29,"Gamma","ui","media","success"
11.45,2.79,159,2,94.86,64.43,"Delta","core","media","success"
40.89,6.09,158,0,70.72,12.88,"Beta","database","alta","success"
22.11,17.2,172,0,86.27,26.84,"Beta","core","baja","success"
25.01,16.21,136,0,63.03,49.22,"Beta","api","baja","success"
43.86,3.79,151,0,82.51,23.03,"Alpha","database","baja","success"
43.8,16.52,162,0,99.94,9.95,"Gamma","api","baja","success"
31.31,1.72,156,0,48.12,21.06,"Delta","core","media","success"
35.43,3.72,163,1,44.83,46.65,"Delta","auth","media","success"
2.39,15.74,158,0,43.48,18.14,"Gamma","core","alta","success"
33.19,12.13,161,0,48.5,24.95,"Alpha","api","media","failed"
41.64,9.74,146,1,40.75,15.47,"Alpha","core","alta","success"
20.66,18.68,150,0,78.68,104.12,"Delta","database","baja","success"
32.19,19.78,120,1,75.25,3.22,"Beta","api","media","success"
37.03,11.54,137,3,60.69,0.38,"Gamma","database","alta","success"
22.67,12.87,147,1,82.28,68.32,"Beta","auth","critica","success"
38.17,15.19,140,2,74.19,5.58,"Beta","core","baja","success"
22.94,7.56,149,1,71.25,6.78,"Alpha","ui","critica","success"
2.27,18.28,154,1,46.44,44.6,"Delta","core","baja","success"
20.66,5.67,145,0,48.29,8.83,"Alpha","auth","critica","success"
22.29,11.79,134,1,79.94,41.02,"Beta","api","baja","failed"
27.65,19.1,159,2,62.04,1.25,"Gamma","database","alta","success"
20.78,1.36,161,1,67.9,4.78,"Delta","ui","baja","failed"
14.86,2.69,178,1,41.67,4.15,"Beta","auth","alta","success"
30.78,8.79,148,1,41.64,24.68,"Delta","auth","baja","success"
28,14.76,152,2,59.65,34.14,"Gamma","ui","baja","success"
43.86,16,130,1,64.27,36.4,"Gamma","database","media","success"
9.15,14.4,135,1,66.26,12.93,"Alpha","core","media","success"
43.84,3.53,148,2,42.14,21.11,"Alpha","core","alta","success"
26.7,6.03,151,1,51.57,17.44,"Gamma","auth","baja","success"
33.61,7.8,148,2,66.26,6.15,"Beta","ui","media","success"
39.16,18.79,146,4,70.29,28.84,"Alpha","auth","baja","rolled_back"
29.67,6.9,173,4,68.24,0.54,"Gamma","database","media","success"
31.72,4.93,146,1,57.13,2.43,"Delta","database","media","success"
44.82,0.69,127,2,43.09,12.62,"Delta","api","alta","success"
38.45,10.1,158,1,51.11,19.68,"Delta","database","media","success"
34.81,15.91,153,4,91.22,11.36,"Beta","api","alta","success"
7.49,13.19,145,1,98.69,95.12,"Alpha","core","baja","success"
5.64,3.65,143,2,73.81,8.09,"Delta","ui","baja","success"
24.2,19.8,154,0,61.91,27.49,"Alpha","core","alta","success"
9.87,2.23,151,3,65.5,4.57,"Gamma","database","critica","failed"
33.32,14.75,162,0,90.55,6.13,"Beta","api","critica","success"
23.01,5.11,158,2,89.66,8.7,"Delta","database","alta","success"
7.71,19.19,161,2,40.99,17.91,"Gamma","auth","alta","success"
38.09,6.3,124,1,68.72,129.61,"Delta","auth","media","success"
42.45,5.05,146,1,66.08,50.16,"Alpha","core","media","success"
13.59,12.44,137,1,49.11,0.56,"Alpha","core","media","success"
8.04,1.29,158,0,49.6,3.46,"Alpha","auth","baja","success"
32.24,1.65,145,3,91.46,21.61,"Beta","core","media","success"
26.09,16.36,152,1,88.38,19.2,"Gamma","auth","baja","success"
5.44,3.07,155,2,82.2,108.18,"Beta","ui","critica","success"
25.87,1.51,143,2,60.33,83.3,"Alpha","ui","media","success"
28.26,6.21,148,2,49.13,1.82,"Gamma","database","media","success"
25.36,2.25,144,1,98.51,20.55,"Gamma","ui","media","success"
18.62,10.55,160,0,82.82,27.7,"Gamma","auth","baja","success"
19.63,14.72,143,1,77.94,1.35,"Gamma","api","alta","success"
40.86,17.14,135,1,82.26,37.48,"Alpha","api","critica","failed"
30.8,9.82,150,1,96.36,49.04,"Alpha","auth","media","success"
43.03,6.33,123,1,70.98,0.55,"Delta","auth","baja","success"
8.08,16.13,167,0,46.39,2.66,"Beta","api","baja","success"
25.85,12.63,136,1,86.63,72.52,"Gamma","ui","media","success"
5.79,18.52,166,2,55.02,17.93,"Beta","core","media","failed"
28.62,17.49,144,1,99.44,15.83,"Gamma","core","baja","success"
12.65,16.48,134,2,91.15,10.49,"Gamma","database","media","success"
22.35,0.56,142,2,90.01,149.26,"Alpha","api","media","success"
22.26,13.15,158,0,96.82,0.49,"Beta","auth","baja","success"
37.63,8.49,130,2,99.34,1.14,"Delta","ui","media","rolled_back"
40.46,14.34,147,0,51.88,8.15,"Delta","auth","media","success"
26.59,15.92,141,1,96.84,19.86,"Gamma","auth","media","success"
42.56,11.37,150,1,54.6,1.66,"Gamma","api","media","success"
14.19,8.82,114,2,58.47,15.2,"Beta","ui","media","success"
28.7,19.15,150,2,85,6.09,"Alpha","auth","critica","failed"
28.48,15.58,142,1,73.41,72.62,"Gamma","api","baja","success"
29.71,10.66,144,0,42.16,68.58,"Delta","ui","baja","success"
11.72,8.79,144,3,52.31,5.66,"Beta","core","media","success"
19.06,15.91,147,0,68.48,29.85,"Gamma","database","critica","success"
8.94,16.18,161,0,75.84,28.94,"Delta","auth","baja","success"
24.08,3.88,155,1,60.95,3.49,"Alpha","ui","media","success"
26.92,11.5,170,4,66.02,30.48,"Beta","database","baja","success"
4.98,10.56,180,0,96.44,16.14,"Alpha","database","baja","success"
33.21,7.53,157,0,80.14,0.86,"Beta","auth","baja","success"
28.21,0.95,147,2,63.23,14.33,"Gamma","api","alta","success"
30.68,10.99,149,0,63.68,11.72,"Beta","database","media","success"
14.38,11.33,137,2,89.28,36.79,"Beta","core","media","success"
17.18,6.89,154,2,59.63,11.41,"Alpha","database","baja","rolled_back"
28.95,1.83,147,0,69.51,1.03,"Gamma","api","baja","success"
43.26,18.41,154,4,60.7,7.94,"Alpha","core","media","success"
17.36,9.22,145,1,42.57,68.05,"Beta","api","baja","success"
10.11,17.9,166,1,83.69,2.29,"Alpha","core","media","success"
12.55,8.4,134,0,69.07,26.7,"Gamma","auth","media","success"
22.61,13.83,136,2,49.54,6.01,"Beta","core","media","success"
19.48,16.77,138,2,76.02,19.23,"Gamma","api","baja","success"
15.78,7.38,157,0,51.16,9.36,"Beta","database","media","success"
17.02,5.58,141,3,62.94,30.49,"Delta","api","baja","success"
31.25,6.11,165,3,46.4,29.73,"Alpha","auth","critica","success"
39.05,5.44,141,0,82.78,29.23,"Gamma","database","alta","failed"
21.9,4.21,150,0,42.41,50.63,"Delta","database","alta","success"
26.85,0.97,122,0,47.35,13.2,"Alpha","api","critica","success"
23.19,5.73,153,2,87.6,16.22,"Beta","api","media","failed"
30.53,14.78,140,1,78.44,0.65,"Alpha","database","alta","success"
31.42,8.33,142,3,91.34,36.83,"Alpha","api","critica","success"
6.17,17.31,170,2,47.42,3.35,"Alpha","database","baja","success"
6.38,13.11,148,2,73.57,0.01,"Delta","ui","baja","success"
42.08,8.51,145,1,72.14,25.46,"Gamma","auth","baja","rolled_back"
19.85,19.64,159,2,67.66,17.38,"Gamma","ui","baja","success"
26,18.65,153,0,67.17,140.34,"Delta","database","media","success"
43.1,15.63,170,1,85.6,16.7,"Gamma","auth","alta","success"
10.02,7.15,160,5,98.96,14.32,"Alpha","auth","media","failed"
11.23,5.53,125,0,57.42,19.82,"Gamma","database","baja","success"
28.53,3.58,142,1,63.06,12.52,"Alpha","auth","critica","success"
37.8,17.48,158,3,86.56,15.15,"Delta","api","media","success"
36.65,12.02,151,0,67.84,41.6,"Gamma","core","critica","failed"
8.07,2.17,162,0,82.03,16.61,"Gamma","ui","baja","success"
5.12,15.2,126,1,51.49,33.6,"Delta","auth","critica","success"
35.38,3.54,170,2,41.69,43.18,"Delta","api","baja","success"
43.02,1.82,168,3,50.36,50.02,"Gamma","core","media","success"
28.4,2.85,146,0,79.13,2.01,"Gamma","ui","critica","failed"
20.52,1.49,151,0,44.75,156.86,"Gamma","ui","baja","failed"
30.4,10.08,157,1,56.37,35,"Gamma","core","baja","success"
39.3,10.61,156,1,68.21,16.59,"Alpha","api","baja","success"
23.36,1.15,161,0,51.78,3.3,"Beta","database","alta","failed"
24.5,13.85,148,0,60.19,21.34,"Gamma","ui","baja","failed"
35.03,18.5,151,0,86.64,21.89,"Alpha","auth","baja","failed"
17.59,0.69,146,0,80.32,0.93,"Delta","api","critica","success"
42.41,15.47,132,1,81.51,17.54,"Delta","api","media","failed"
2.95,1.36,134,0,75.02,8.07,"Gamma","api","media","success"
16.22,17.33,140,2,92.51,25.89,"Delta","ui","critica","success"
7.4,12.61,146,2,73.79,2.33,"Beta","auth","media","failed"
16.16,9.97,142,1,97.36,3.92,"Gamma","database","baja","rolled_back"
22.53,16.35,150,0,48.83,8.31,"Beta","auth","baja","success"
34.44,17.16,153,1,82.52,42.05,"Beta","database","alta","success"
36.13,7.36,163,2,41.58,48.66,"Gamma","ui","alta","rolled_back"
19.62,12.77,147,0,48.28,11.5,"Delta","auth","alta","success"
2.8,17.76,161,3,48.6,2.85,"Alpha","core","baja","success"
42.32,16.98,150,3,85.48,36.37,"Alpha","api","alta","success"
41.32,5.76,148,1,81.05,11.67,"Gamma","api","baja","rolled_back"
28.13,5.29,145,0,70.22,5.89,"Gamma","core","media","success"
41.48,8.96,143,0,40.98,8.89,"Alpha","database","critica","failed"
28.74,5.62,133,3,50.48,8.43,"Alpha","ui","alta","success"
7,18.27,141,0,46.14,11.19,"Delta","ui","baja","success"
7.7,13.96,126,3,67.91,0.33,"Delta","auth","media","success"
31.15,9.62,135,2,56.47,92.3,"Gamma","api","baja","success"
41.65,3.17,122,2,56.06,59.76,"Delta","auth","media","failed"
8.05,10.45,153,0,48.06,30.24,"Alpha","api","media","success"
39.99,19.47,165,0,50.54,7,"Gamma","core","alta","success"
21.08,4.09,152,1,48.86,2.34,"Delta","ui","baja","success"
3.53,12.06,174,1,48.58,53.56,"Gamma","ui","baja","success"
37.32,10.77,147,3,41.6,4.12,"Delta","core","media","success"
43.53,15.22,145,1,68.34,21.74,"Gamma","api","media","failed"
36.62,5.56,139,1,87.04,2.31,"Delta","core","baja","success"
14.39,12.54,143,3,43.65,5.63,"Delta","ui","baja","success"
10.11,1.2,153,3,47.48,8.11,"Alpha","ui","baja","success"
10.27,19.2,157,0,41.36,23.39,"Gamma","core","media","rolled_back"
16.7,3.74,164,3,64.34,10.97,"Alpha","core","baja","success"
11.25,6.52,142,1,90.37,60.34,"Gamma","api","media","success"
8.66,8.41,142,0,77.67,23.34,"Delta","database","baja","success"
5.53,9.27,151,1,68.45,40.87,"Alpha","database","alta","success"
29.03,11.52,149,1,40.79,13.52,"Alpha","database","baja","success"
35.64,11.29,156,1,74.61,37.39,"Delta","api","critica","success"
4.09,17.22,139,1,50.68,24.07,"Alpha","api","critica","success"
5.17,8.82,154,1,97.92,9.62,"Delta","api","media","success"
1.69,10.55,164,0,80.98,16.74,"Delta","ui","alta","success"
7.69,10.83,136,1,48.39,11.76,"Beta","core","baja","success"
41.92,9.26,154,2,90.19,30.1,"Gamma","ui","baja","success"
8.54,6.87,155,2,98.74,26.64,"Alpha","core","alta","success"
44.5,17.38,153,2,82.06,28.78,"Gamma","auth","critica","success"
32.13,16.3,155,1,80.65,31.87,"Alpha","core","critica","success"
15.62,19.85,129,0,73.48,31.75,"Delta","auth","baja","success"
15.77,8.94,148,4,69.25,12.98,"Delta","database","critica","success"
35.29,9.59,140,0,42.19,31.79,"Beta","core","alta","success"
23.19,9.85,155,3,94.4,3.01,"Delta","database","media","success"
23.12,17.67,153,1,43.03,45.71,"Delta","auth","alta","success"
13.09,10.55,171,1,65.98,7.2,"Alpha","auth","baja","success"
41.95,13.89,145,0,94.16,5.76,"Delta","core","media","success"
30.97,3.95,145,0,49.36,9.86,"Gamma","core","baja","success"
32.4,9.66,160,1,72.09,12.06,"Alpha","auth","media","success"
13.76,13.88,137,1,51.4,14.02,"Beta","database","alta","success"
26.76,1.03,150,2,69.81,3.09,"Beta","core","baja","success"
43.01,7.38,151,1,61.53,13.87,"Delta","core","media","success"
3.07,3.75,145,3,86.9,21.91,"Beta","auth","baja","success"
23.7,11.94,154,2,43.36,20.43,"Delta","ui","baja","success"
38.94,6.13,150,1,70.88,13.65,"Beta","core","media","success"
13.57,10.98,134,1,54.55,6.53,"Gamma","api","baja","success"
17.28,3.1,170,1,43.73,15.29,"Beta","auth","media","success"
41.37,13.03,133,0,78.28,52.98,"Alpha","api","baja","success"
4.99,2.89,142,0,99.91,47.8,"Alpha","core","baja","success"
23.8,13.38,159,3,48.4,35.24,"Gamma","ui","alta","success"
19.77,7.13,171,2,48.71,3.89,"Alpha","auth","baja","success"
8.38,12.54,138,0,83.23,1.2,"Gamma","ui","alta","success"
21.06,16.67,140,0,61.73,13.21,"Delta","auth","media","failed"
8.88,16.08,158,0,68.78,64.39,"Alpha","ui","alta","failed"
38.7,3.99,161,2,83.94,0.16,"Delta","auth","critica","success"
31.43,5.67,155,0,58.7,7.13,"Delta","database","critica","success"
6.79,11.17,148,2,58.94,2.74,"Gamma","ui","media","success"
6.68,7.04,187,0,46.89,6.98,"Gamma","api","critica","success"
14.05,8.68,161,2,71.48,37.9,"Beta","core","baja","success"
42.4,13.38,145,0,63.49,1.2,"Alpha","auth","critica","failed"
42.03,15.83,163,0,97.03,22.76,"Alpha","ui","baja","failed"
9.46,3.91,151,1,63.4,0.08,"Gamma","core","baja","success"
41.21,10.55,144,5,65.63,29.07,"Delta","auth","critica","success"
4.39,17.65,152,3,92.01,2.66,"Beta","core","media","success"
39.68,8.95,155,0,44.66,13.06,"Alpha","api","critica","success"
4.06,8.63,142,1,63.19,5.14,"Gamma","ui","baja","success"
42.9,5.95,135,2,82.45,58.85,"Gamma","ui","baja","success"
8.46,9.63,144,1,87.81,49.64,"Gamma","ui","media","success"
26.77,16.37,162,1,78.81,2.96,"Alpha","ui","baja","success"
32.45,4.16,151,1,98.92,23.21,"Alpha","api","media","failed"
13.69,17.52,141,1,79.02,2.46,"Gamma","api","media","success"
2.66,17.14,144,4,48.9,25.13,"Delta","auth","media","success"
32.41,10.4,148,3,79.01,45.04,"Beta","database","baja","failed"
15.1,13.22,142,1,62.6,18.27,"Beta","database","alta","failed"
38.7,19.99,130,0,47.66,13.27,"Alpha","api","media","success"
22.02,12.99,161,2,86.9,54.26,"Beta","core","alta","success"
44.66,10.23,142,2,95.92,18.52,"Alpha","database","media","rolled_back"
4.89,6.64,170,1,94.18,12.37,"Gamma","ui","alta","success"
2.57,19.97,159,1,43.82,26.63,"Beta","auth","baja","success"
26.52,5.03,151,0,74.18,18.23,"Delta","ui","media","success"
27.93,9.21,115,3,65.04,41.39,"Gamma","core","media","success"
1.69,5.67,156,1,43.55,1.39,"Gamma","auth","media","success"
33.85,1.63,157,0,73.03,2.89,"Gamma","ui","critica","success"
3.53,19.14,150,1,60.55,59.02,"Alpha","ui","baja","failed"
22.3,2,146,1,63.79,42.47,"Beta","core","baja","success"
42.33,9.59,146,3,52.37,49.17,"Gamma","database","baja","success"
4.09,4.24,169,4,88.98,15.67,"Delta","ui","alta","success"
42.98,19.63,143,0,63.27,2.53,"Delta","api","baja","success"
35.03,18.64,142,0,45.51,27.05,"Alpha","api","alta","success"
38.54,10.63,147,1,74.53,3.14,"Gamma","ui","media","success"
10.98,19.14,133,2,66.13,18.68,"Beta","database","critica","success"
44.76,14.28,167,2,61.18,4.68,"Delta","core","baja","rolled_back"
31.67,13.26,153,0,51.47,46.38,"Alpha","database","critica","success"
13.99,4.82,157,1,99.79,21.06,"Delta","ui","media","success"
37.08,12.61,130,0,50.99,7.27,"Alpha","auth","media","success"
43.23,17.61,161,0,73.54,60.8,"Alpha","core","media","success"
40.67,6.27,139,1,49.26,0.47,"Delta","core","media","failed"
7.02,7.46,150,1,52.39,17.85,"Gamma","database","baja","success"
4.09,5.36,135,3,99.96,2.58,"Alpha","api","baja","success"
37.1,14.05,136,2,68.28,19.24,"Beta","auth","baja","failed"
38.92,5.11,144,1,84.22,28.42,"Alpha","api","media","success"
3.47,2.41,132,1,53.66,5.42,"Gamma","database","alta","failed"
11.27,4.24,147,0,48.81,54.14,"Alpha","core","baja","success"
32.16,14.9,163,2,90.87,34.11,"Gamma","auth","baja","success"
5.79,6.25,154,4,63.63,22.52,"Beta","auth","critica","success"
2.19,13.53,143,2,75.05,33.07,"Beta","ui","baja","success"
40.89,5.7,136,2,89.79,18.28,"Delta","api","baja","success"
3.63,0.72,145,1,46.91,46.17,"Alpha","api","alta","success"
39.53,14.18,145,0,71.2,0.44,"Delta","api","media","success"
6.74,4.57,137,0,75.9,6.65,"Beta","api","baja","success"
19.08,15.7,162,1,72.74,0.49,"Beta","ui","media","success"
11.5,3.47,156,2,64.22,56.6,"Alpha","api","media","success"
35.27,18.94,165,4,55.77,15.67,"Beta","api","media","success"
26.57,16.43,155,3,59.98,25.41,"Beta","api","baja","success"
9.97,0.64,164,1,52.25,26.81,"Alpha","auth","media","success"
19.98,14.41,156,1,84.41,75.58,"Beta","database","alta","success"
20.64,13.95,136,3,72.65,1.07,"Delta","database","baja","success"
41.03,4.58,150,1,80.63,35.8,"Delta","database","media","failed"
21.63,7.81,147,1,65.95,8.16,"Alpha","auth","alta","success"
42.02,8.61,149,2,85.4,0.45,"Beta","auth","baja","success"
18.44,8.2,151,1,97.42,5.14,"Alpha","database","baja","success"
36.53,15.76,138,0,61.18,8.23,"Delta","core","alta","success"
34.93,1.48,146,1,43.67,34.03,"Delta","ui","baja","success"
16.33,1.56,148,1,81.35,59.36,"Delta","database","media","success"
42.3,9.99,172,2,71.85,2.62,"Alpha","ui","media","success"
23.42,10.48,154,1,72.47,24.75,"Beta","api","baja","success"
15.61,4.77,151,0,75.04,81.07,"Alpha","database","critica","success"
20.76,12.41,180,4,40.32,56.08,"Delta","ui","baja","success"
22.68,12.96,134,2,72.55,27.15,"Beta","core","baja","success"
38.11,13.48,148,3,68.75,0.86,"Gamma","ui","alta","success"
42.79,3.09,153,1,71.8,4.58,"Gamma","database","alta","success"
21.96,3.28,153,2,59.19,7.86,"Alpha","database","baja","success"
17.64,19.99,143,1,59.47,8.39,"Beta","ui","media","failed"
11.33,5.46,132,1,67.97,5.79,"Alpha","api","media","success"
1.7,4.73,130,2,49.96,4.64,"Gamma","core","media","success"
32.36,13.59,140,2,75.01,71.5,"Alpha","ui","media","success"
31.79,8.08,140,0,48.5,14.2,"Gamma","core","baja","success"
2.14,11.63,144,0,48.77,11.21,"Alpha","core","media","success"
9.66,2.64,141,3,74.58,27,"Beta","database","baja","success"
24.85,16.01,132,2,49.88,5.52,"Beta","api","baja","success"
8.42,7.76,149,4,90.09,3.7,"Gamma","api","media","success"
12.2,16.78,147,2,82.95,10.02,"Beta","core","baja","success"
41.62,19.68,171,1,90.11,21.95,"Gamma","api","baja","success"
17.3,11.37,139,2,59.1,7.3,"Beta","api","baja","success"
44.69,7.31,169,0,73.3,28.65,"Gamma","database","critica","success"
33.07,19.29,152,1,53.04,4.01,"Delta","api","baja","success"
7.99,14.72,130,1,70.43,82.4,"Gamma","ui","media","success"
27.25,11.44,152,2,73.57,2.04,"Gamma","auth","media","success"
38.42,3.89,130,1,44.95,2.53,"Beta","database","media","success"
33.43,13.02,151,3,65.43,3.19,"Delta","api","alta","success"
21.62,18.79,140,0,64.28,13.47,"Beta","database","media","success"
23.73,13.5,144,0,61.66,0.49,"Alpha","ui","baja","success"
25.7,13.76,161,1,91.91,41.85,"Alpha","database","baja","success"
10.23,2.98,162,1,56.14,21.3,"Beta","core","media","failed"
40.18,5.12,142,1,64.15,17.73,"Delta","auth","media","rolled_back"
8.22,11.34,161,2,75.9,55.49,"Alpha","api","media","success"
26.93,12.03,158,3,61.88,12.6,"Alpha","database","critica","success"
22.42,7.8,146,0,86.22,12.56,"Delta","ui","media","success"
10.08,7.31,139,0,58.9,3.27,"Gamma","auth","alta","success"
44.06,11.79,157,2,81.65,5.09,"Gamma","api","critica","success"
15.38,14.04,172,3,66.63,1.6,"Beta","ui","baja","success"
3.45,10.13,160,3,55.78,46.64,"Alpha","database","baja","success"
34.29,4.58,137,3,45.08,22.63,"Delta","database","baja","success"
26.16,7.16,138,3,42.72,50.69,"Alpha","auth","media","success"
1.92,13.73,143,1,83.23,12,"Alpha","auth","media","success"
14.58,2.85,157,1,52.02,20.74,"Beta","ui","baja","failed"
39.05,18.89,147,2,69.4,3.05,"Delta","auth","alta","success"
11.6,3.74,173,3,47.09,55.82,"Delta","api","baja","success"
4.05,17.98,157,1,86.88,30.63,"Delta","core","alta","failed"
32.43,0.83,135,1,82.6,19.45,"Gamma","database","baja","success"
23.63,12.59,138,1,51.37,12.06,"Alpha","api","media","rolled_back"
19.12,12.39,144,1,86.35,16.69,"Alpha","ui","baja","success"
19.97,12.8,154,2,97.49,3.13,"Beta","database","baja","failed"
41.26,9.04,157,1,89.64,11.77,"Beta","database","alta","success"
40.74,13.43,157,2,55.97,48.82,"Alpha","ui","media","success"
10.99,14.92,157,2,70.43,37.81,"Delta","auth","critica","success"
26.51,16.4,144,1,49.03,21.44,"Gamma","ui","baja","failed"
3.27,12.39,132,2,42.11,2.7,"Alpha","ui","media","success"
25.02,13.18,158,2,68.03,8.67,"Beta","api","baja","success"
6.41,5.45,143,0,99.78,7.49,"Alpha","database","baja","success"
34.45,14.69,144,1,40.29,38.6,"Alpha","core","baja","success"
6.33,5.96,135,2,49.06,11.84,"Beta","api","media","success"
10.38,14.89,125,0,86.61,15.83,"Gamma","api","media","rolled_back"
34.9,2.39,135,1,70.35,5.62,"Beta","core","baja","success"
19.87,12.01,140,2,68.02,18.8,"Gamma","api","baja","success"
25.29,4.78,165,1,58.1,78.76,"Delta","auth","baja","success"
39.8,15.41,137,1,58.88,30.64,"Gamma","core","media","success"
33.15,19.86,138,0,56.59,4.38,"Delta","ui","media","success"
34.25,10.7,141,2,66.59,68.39,"Delta","database","media","success"
27.63,15.11,125,0,97,11.77,"Delta","ui","media","success"
5.9,16.96,137,0,76.68,98.87,"Beta","core","media","success"
37.44,2.61,147,1,96.47,22.74,"Alpha","auth","critica","rolled_back"
33.61,7.02,136,1,62.02,31.86,"Gamma","core","baja","success"
39.91,0.76,141,0,41.8,35.5,"Beta","api","alta","success"
5.16,11.75,191,2,54.17,119.62,"Gamma","auth","alta","success"
37.58,5.77,134,0,45.28,94.38,"Gamma","auth","media","success"
13.45,10.5,165,0,44.97,27.26,"Gamma","ui","critica","success"
16.04,13.89,152,0,45.92,51.64,"Alpha","ui","critica","success"
40.09,3.26,168,2,79.25,12.75,"Beta","core","alta","failed"
9.82,12.44,173,1,68.7,9.33,"Alpha","ui","media","success"
2.03,17.75,135,2,83.63,0.56,"Beta","database","media","success"
32.18,5.71,180,4,76.24,23.51,"Beta","auth","media","success"
3.14,2.89,144,3,62.31,1.74,"Beta","core","alta","success"
37.28,5.32,141,0,82.09,33.94,"Delta","auth","baja","success"
40.8,18.13,156,1,95.67,28.88,"Alpha","auth","media","success"
8.74,12.4,142,1,67.3,28.13,"Alpha","auth","baja","success"
10.53,3.28,143,1,79.37,29.56,"Gamma","core","media","failed"
36.12,14.28,149,0,83.23,144.81,"Beta","database","baja","success"
40.35,3.68,156,3,96.24,11.55,"Beta","core","baja","success"
12.1,19.96,145,2,45.29,9.45,"Alpha","database","baja","success"
20.34,16.2,159,0,54.06,31.79,"Gamma","database","baja","success"
18.82,8.71,134,2,41.23,9.63,"Gamma","auth","critica","success"
30.45,9.61,147,2,52.92,39.84,"Alpha","core","baja","success"
14.78,8.1,158,1,52.08,37.47,"Alpha","api","alta","success"
35.95,1.13,150,0,48.39,47.87,"Alpha","core","baja","success"
16.34,13.38,151,1,46.08,8.99,"Delta","database","media","success"
12.7,18.71,167,5,83.19,10.24,"Gamma","api","baja","success"
1.67,5.53,125,2,80.87,9.69,"Beta","ui","media","success"
18.04,0.63,165,0,76.91,14.89,"Delta","api","media","success"
27.58,16.53,148,0,41.67,0.34,"Beta","api","media","success"
16.25,5.26,128,0,85.74,20.31,"Beta","core","baja","success"
9.15,2.42,126,1,62.25,15.95,"Alpha","database","alta","success"
44.89,1.75,152,2,49.69,21.47,"Beta","ui","critica","success"
13.04,11.33,169,1,50.58,40.51,"Alpha","database","media","success"
25.43,6.06,157,0,72.27,17.71,"Gamma","ui","critica","failed"
7.38,1.01,150,0,73.21,26.58,"Gamma","core","critica","success"
31.16,10.94,153,2,41.26,26.1,"Gamma","api","media","success"
21.09,14.43,143,1,71.99,105.96,"Delta","ui","media","rolled_back"
17.45,7.7,151,1,85.89,3.01,"Alpha","ui","baja","success"
18.3,8.52,183,2,49.5,3.52,"Beta","ui","baja","success"
19.09,5.99,148,2,48.5,2.84,"Delta","ui","critica","success"
37.5,18.79,165,1,76.04,26.79,"Alpha","api","baja","success"
41.35,8.98,136,2,89.84,0.96,"Beta","auth","baja","success"
34.61,3.28,158,1,64.95,17.42,"Gamma","database","alta","success"
17.48,12.32,160,2,66.08,17.25,"Beta","api","baja","success"
31.58,2.71,138,3,90.51,15.38,"Gamma","ui","media","success"
23.6,4.32,158,3,57.14,12.8,"Alpha","auth","baja","rolled_back"
2.35,18.21,143,2,81.89,85.23,"Delta","auth","baja","success"
29.64,0.87,155,1,61.57,4.84,"Alpha","database","alta","success"
28.6,11.18,131,0,61.18,3.03,"Delta","api","critica","success"
15.98,3.96,162,0,97.23,6.21,"Gamma","database","media","success"
2.64,1.27,155,1,75.77,41.56,"Gamma","database","critica","success"
43.91,1.05,165,1,60.86,35.21,"Gamma","ui","baja","success"
44.62,15.3,147,1,64.95,53.55,"Gamma","ui","critica","success"
4.83,14.88,144,1,92.84,18.6,"Alpha","ui","baja","success"
24.9,4.47,167,1,58.84,0.08,"Beta","ui","baja","success"
44.04,19.4,174,0,98.33,52.29,"Gamma","core","alta","success"
6.27,13.3,135,1,40.18,36.62,"Delta","auth","baja","success"
17.27,2.96,140,0,68.76,11.34,"Gamma","core","media","success"
23.24,17.13,145,1,94.96,25.44,"Gamma","api","alta","success"
41.2,4.17,138,3,80.46,2.81,"Gamma","auth","alta","success"
26.38,10.04,130,1,63.64,18.13,"Beta","database","baja","success"
2.49,4.22,157,0,63.21,4.97,"Delta","core","baja","rolled_back"
38.7,14.65,152,2,95.36,94.74,"Gamma","core","media","success"
37.63,15.8,158,0,75.22,3.44,"Delta","core","baja","success"
39.7,18.95,138,2,97.46,28.78,"Beta","ui","media","success"
36.72,10.49,147,1,97.44,9.89,"Beta","api","media","success"
1.5,5.97,155,0,46.13,10.78,"Delta","database","alta","failed"
5.93,13.91,151,1,51.46,44.05,"Beta","auth","critica","success"
37.81,4.18,141,3,84.48,4.06,"Delta","api","media","success"
11.12,15.71,135,0,62.76,30.93,"Delta","auth","alta","success"
2.82,14.75,148,0,62.31,6.18,"Gamma","database","critica","failed"
26.59,12.16,144,0,65.35,12.97,"Beta","api","baja","failed"
34.42,11.66,163,0,95.33,6.23,"Delta","database","baja","success"
39.5,13.62,135,2,55.32,1.99,"Alpha","core","baja","success"
4.13,11.94,144,3,64.04,24.88,"Gamma","database","baja","success"
11.15,2.89,132,0,74.19,16.15,"Delta","auth","media","rolled_back"
19.51,13.49,152,1,75.62,28.53,"Beta","database","media","success"
19.39,9.77,145,1,77.83,6.09,"Alpha","ui","baja","success"
26.7,11.89,172,3,70.94,24.18,"Gamma","auth","media","failed"
42.47,5.74,147,4,62,11.38,"Delta","auth","critica","failed"
44.46,14.19,148,1,84.18,18.44,"Delta","database","baja","success"
7.15,2.37,147,1,82.64,1.9,"Alpha","database","alta","success"
13.46,2.64,151,2,40.72,19.77,"Beta","core","baja","success"
37.53,2.86,141,2,62.78,5.01,"Alpha","database","media","success"
44.62,13.53,141,0,70.77,1.57,"Beta","core","media","success"
30.78,16.6,151,0,73.35,27.73,"Beta","api","media","success"
4.87,19.53,143,2,72.16,7.66,"Alpha","api","baja","failed"
7.35,2.39,156,1,42.11,2.07,"Alpha","auth","baja","success"
16.21,10.18,149,0,96.98,18.8,"Gamma","api","baja","success"
12.47,7.19,144,0,45.91,2.48,"Gamma","auth","alta","failed"
12.41,7.09,145,2,74.27,35.35,"Gamma","auth","baja","success"
35.57,16.82,150,1,48.79,7.96,"Alpha","auth","baja","success"
9.06,14.21,166,1,65.07,18.84,"Beta","core","media","rolled_back"
27.53,12.77,158,0,57.4,11.56,"Delta","ui","baja","success"
31.58,18.07,152,2,77.04,25.02,"Gamma","api","baja","success"
41.65,14.99,145,2,79.51,5.6,"Gamma","ui","baja","success"
31.51,9.92,158,1,64.6,43.49,"Beta","api","baja","success"
13.4,12.78,161,2,97.63,20.42,"Beta","database","critica","success"
1.98,14.2,127,0,69.47,31.1,"Alpha","database","baja","failed"
3.38,9.1,140,2,57.16,40.9,"Gamma","database","baja","success"
8.8,6.83,141,1,64.29,4.66,"Alpha","database","baja","failed"
38.59,0.77,147,3,52.25,10.78,"Gamma","ui","media","success"
3.5,5.49,161,1,53.53,11.71,"Beta","ui","baja","success"
13.31,5.79,175,2,49.27,17.58,"Delta","database","baja","success"
40.17,6.7,148,0,85.63,2.23,"Alpha","api","baja","success"
25.33,2.14,163,2,93.83,4,"Beta","core","baja","success"
36.51,18.22,165,1,50.77,2.34,"Alpha","ui","baja","success"
43.14,7.38,151,3,98.13,12.74,"Alpha","ui","baja","success"
31.5,18.81,150,1,52.04,34.91,"Beta","ui","baja","success"
18.95,19.61,175,1,67.79,8.09,"Gamma","core","media","success"
43.74,3.01,144,5,61.59,1.5,"Delta","database","media","success"
42.36,11.32,125,3,69.43,19.32,"Gamma","ui","baja","success"
24.05,11.69,142,1,79.24,16.55,"Alpha","core","media","success"
7.43,5.1,157,0,42.86,29.93,"Beta","auth","alta","success"
28.76,13.58,128,0,75.78,39.48,"Delta","ui","baja","success"
37.29,16.35,137,4,71.84,2.75,"Gamma","auth","baja","success"
7.43,2.03,155,1,69.63,2.45,"Delta","api","baja","success"
27.49,13.92,139,0,42.87,11.23,"Delta","api","baja","success"
44.26,12.19,124,1,62.49,14.36,"Delta","core","media","success"
11.53,9.63,144,1,66.84,59.14,"Alpha","ui","baja","success"
19.66,7.07,155,1,58.52,9.9,"Gamma","core","media","rolled_back"
5.86,8.49,158,2,81.87,31.35,"Beta","ui","alta","success"
13.62,1.2,144,2,87.67,15.53,"Beta","core","media","success"
24.58,9.12,156,1,72.27,18.67,"Gamma","ui","baja","failed"
15.16,15.42,140,1,56.89,1.34,"Delta","database","alta","success"
27.63,9.69,153,1,71.02,19.88,"Beta","core","baja","success"
44.44,6.34,156,1,53.59,3.92,"Delta","database","baja","success"
28,14.78,159,2,49.42,17.73,"Alpha","ui","media","success"
7.84,1.8,148,2,57.29,9.83,"Gamma","core","media","success"
32.14,11.24,151,0,70.35,21.45,"Alpha","core","media","success"
31.04,19.67,138,0,58.45,0.87,"Beta","auth","baja","success"
15.53,5.67,144,1,78.67,34.49,"Beta","core","alta","success"
19.91,15.88,137,1,60.28,10.07,"Gamma","database","critica","success"
14.74,16.06,151,1,55.46,1.74,"Gamma","database","baja","success"
37.73,17.64,142,3,81.73,25.16,"Gamma","database","critica","success"
27.32,5.23,142,1,47.89,12.35,"Delta","database","media","success"
36.61,11.41,143,2,87.13,22.54,"Alpha","database","baja","failed"
14.29,18.14,161,3,61.91,10.5,"Gamma","core","baja","success"
7.64,0.66,143,0,52.21,16.46,"Alpha","api","media","success"
40.16,3.69,148,2,64.8,25.88,"Delta","ui","baja","success"
1.86,5.57,135,2,53.84,0.31,"Alpha","ui","media","success"
26.26,15.57,147,0,95.84,18.5,"Gamma","core","media","success"
43.59,1.89,160,0,67.19,36.87,"Alpha","core","media","failed"
13.21,17.97,146,1,77.72,18.04,"Gamma","core","alta","success"
44.3,6.64,149,0,77.67,43.74,"Gamma","api","media","failed"
3.04,17.84,163,0,81.78,10.51,"Gamma","auth","critica","success"
12.72,12.37,137,1,72.02,17.72,"Alpha","database","baja","success"
12.81,9.38,161,1,62.35,16.5,"Alpha","core","media","success"
42.75,14.18,156,2,72.22,2,"Beta","core","media","success"
44.11,15.23,132,2,70.68,3.32,"Delta","api","baja","failed"
33.45,10.79,133,1,67.3,11.56,"Delta","api","alta","success"
14.01,0.82,149,4,67.89,4.49,"Gamma","database","alta","success"
19.29,2,126,1,40.76,21.71,"Delta","api","baja","success"
10.27,13.6,171,1,45.66,13.62,"Gamma","ui","media","success"
34.85,14.52,150,0,92.99,33.74,"Beta","core","media","success"
33.83,9.4,163,1,96.29,18.2,"Alpha","ui","baja","success"
23.18,4.86,143,0,91.54,4.25,"Alpha","ui","media","success"
30.67,14.65,136,3,43.33,2.99,"Beta","ui","media","success"
34.23,0.84,132,3,55.11,15.11,"Delta","api","media","success"
35.16,11.09,153,0,64.8,52.79,"Delta","api","media","failed"
27.82,2.09,152,0,82.35,5.45,"Delta","core","baja","failed"
18.49,18.09,155,1,96.44,39.4,"Delta","core","critica","rolled_back"
30.69,15.82,146,1,96.52,21.87,"Beta","auth","media","success"
39.31,8.93,144,3,79.01,60.84,"Beta","core","alta","success"
20.48,12.47,136,0,74.52,0.34,"Delta","auth","critica","success"
6.74,15.48,168,0,47.32,13.8,"Beta","database","media","success"
28.42,4.69,145,1,80.68,1.48,"Alpha","ui","alta","success"
22.4,9.43,168,1,97.7,10.25,"Delta","database","media","success"
41.69,0.5,137,1,79.01,37.56,"Gamma","auth","baja","failed"
11.97,15.01,142,1,57.56,21.8,"Alpha","database","baja","success"
35.28,14.66,152,2,53.25,1.16,"Delta","auth","media","success"
34.21,2.63,166,3,70.68,17.74,"Gamma","api","media","success"
30.93,14.44,156,0,90.98,9.66,"Alpha","ui","alta","success"
25.5,14.69,148,3,54.93,20.72,"Beta","auth","media","success"
27.51,8.83,132,0,50.32,17.07,"Beta","core","alta","failed"
39.19,7.29,147,1,68.4,5.15,"Beta","ui","baja","success"
23.05,4.89,142,2,88.06,13.53,"Beta","auth","baja","success"
44.14,13.24,159,3,51.42,30.59,"Gamma","auth","media","success"
4.52,2.01,153,0,85.97,41.62,"Beta","auth","media","failed"
25.68,4.22,153,1,69.83,30.28,"Alpha","api","alta","success"
9.74,6.01,153,1,60.16,76.07,"Delta","ui","media","success"
14.4,14.27,146,0,53.4,40.37,"Delta","core","baja","success"
38.08,7.41,165,2,96.58,17.08,"Gamma","database","critica","success"
10.42,19.97,155,0,96.43,16.91,"Alpha","database","baja","success"
26.85,3.91,173,2,63.53,7.84,"Gamma","ui","baja","success"
18.74,18.8,153,4,60.94,26.04,"Gamma","api","media","failed"
14.79,3.33,136,0,83.53,66.28,"Alpha","ui","media","success"
22.04,16.81,138,0,88.48,11.46,"Gamma","auth","baja","success"
33.83,17.21,141,3,54.25,20.98,"Gamma","auth","baja","success"
43.99,5.73,164,0,86.2,25.34,"Delta","auth","media","success"
8.3,6.33,145,0,66.06,4.69,"Delta","database","media","success"
7.13,12.73,142,2,48.99,13.24,"Gamma","ui","media","success"
26.75,12.88,142,2,54.99,12.69,"Delta","database","alta","success"
7.47,9.02,153,0,79.22,30.88,"Beta","database","media","success"
10.29,12.24,163,2,70.41,16.86,"Gamma","auth","baja","success"
16.36,0.96,154,1,81.3,11.03,"Gamma","database","baja","failed"
13.07,13.56,146,0,46.4,23.42,"Delta","ui","alta","success"
32.89,8.4,175,0,43.8,59.99,"Gamma","ui","critica","success"
31.75,6.57,133,1,54.78,50.45,"Delta","auth","baja","success"
36.05,7.83,151,0,95.93,32.82,"Gamma","ui","media","success"
13.44,14.48,153,2,70.71,50.15,"Beta","api","media","success"
9.42,9.55,144,3,82.65,97.36,"Beta","api","baja","success"
21.62,11.36,151,0,45.52,25.32,"Beta","ui","baja","success"
25.45,6.3,145,1,50.07,7.51,"Alpha","core","media","success"
28.59,17.77,158,1,91.97,13.8,"Gamma","ui","alta","success"
22.51,14.98,155,0,72.48,12.5,"Alpha","database","baja","failed"
7.15,11.36,157,0,87.86,27,"Gamma","auth","baja","success"
39.95,19.46,157,5,74.82,19.23,"Alpha","core","critica","success"
44.62,5.18,142,4,43.81,42.23,"Gamma","database","baja","success"
39,17.58,149,1,52.63,20.55,"Alpha","ui","media","success"
38.57,18.99,150,2,71.56,22.28,"Gamma","ui","media","success"
17.92,15.04,146,1,75.61,29.83,"Gamma","core","baja","failed"
28.34,8.14,157,3,65.93,14.82,"Delta","ui","media","success"
24.05,10.68,146,0,98.89,59.37,"Alpha","auth","baja","success"
3.11,11.68,135,0,40.46,8.33,"Delta","database","media","success"
33.82,10.84,156,0,63.42,115.75,"Delta","ui","alta","success"
38.15,18.97,145,5,76.07,1.49,"Beta","auth","media","success"
3.64,17.59,148,0,99.75,20.27,"Gamma","ui","alta","success"
40.36,12.65,148,0,48.84,2.24,"Alpha","core","alta","success"
17.95,18.05,155,1,64.63,45.39,"Gamma","core","media","success"
31.76,15.22,166,2,41.85,13.99,"Beta","api","baja","success"
32.7,5.9,161,3,76.82,8.9,"Alpha","auth","baja","success"
31.19,0.65,140,0,64.31,54.89,"Delta","ui","baja","success"
14.57,16.66,136,0,42.76,55.63,"Beta","auth","media","success"
14.66,2.64,156,0,60.9,62.66,"Alpha","api","baja","success"
22.21,2.81,145,1,72.39,23.88,"Delta","api","media","success"
3.61,3.56,141,3,46.36,41.53,"Alpha","core","alta","failed"
22.89,2.77,151,1,48.7,48.41,"Gamma","core","baja","rolled_back"
27.11,12.31,158,1,77.16,17.66,"Delta","auth","critica","success"
11.71,18.92,142,1,96.63,34.9,"Gamma","ui","baja","success"
43.46,14.86,175,0,68.69,37.97,"Gamma","auth","critica","success"
8.46,10.54,162,1,65.03,51.3,"Beta","core","baja","success"
26.52,2.09,140,1,83.12,38.98,"Gamma","database","media","rolled_back"
19.8,10.51,149,2,84.74,10.44,"Alpha","auth","baja","failed"
6.83,15.91,122,0,81.02,34.99,"Delta","core","media","success"
17.35,16.81,143,0,76.03,24.85,"Beta","database","baja","success"
44.94,19.99,156,2,58.23,31.79,"Beta","database","baja","failed"
36.21,8.73,146,2,79.66,84.84,"Delta","ui","critica","success"
16.72,17.02,150,3,44.71,9.42,"Delta","ui","media","success"
42.26,4.37,150,1,59.11,36.34,"Beta","auth","media","success"
32.52,4.09,157,0,91.11,19.64,"Delta","auth","baja","success"
23.04,11.32,153,0,63.13,11.08,"Beta","core","media","success"
36.83,2.75,132,0,47.95,9.68,"Gamma","database","critica","failed"
29.99,1.35,145,0,75.92,0.35,"Delta","auth","critica","success"
17.19,5.61,154,1,57.08,23.95,"Delta","ui","baja","success"
22.03,6.71,156,3,89.28,17.97,"Alpha","database","media","success"
27.53,18.92,145,2,48.93,9.36,"Delta","ui","critica","success"
33.09,9.04,152,0,84.22,26.2,"Gamma","auth","media","success"
16.99,9.35,154,1,94.74,35.51,"Gamma","core","media","success"
27.01,1.95,158,1,42.3,4.98,"Alpha","api","media","success"
23.97,7.78,141,0,44.22,15,"Alpha","core","baja","failed"
27.32,11.68,132,2,51.16,8.55,"Gamma","ui","baja","success"
40.14,17.24,144,1,91.17,52.33,"Alpha","core","media","success"
39.22,5.02,162,0,44.31,81.12,"Beta","auth","media","rolled_back"
37.66,19.17,153,2,94.32,15.04,"Gamma","auth","media","success"
8.53,17.41,131,0,74.44,22.74,"Gamma","ui","media","success"
15.92,4.86,156,0,79.55,13.71,"Beta","auth","alta","success"
41.79,8.09,138,1,76.96,49.58,"Alpha","database","media","success"
41.74,12.5,149,0,79.28,17.09,"Alpha","ui","media","success"
29.19,3.18,151,1,68.96,10.41,"Gamma","auth","critica","success"
35.99,5.79,147,2,50.89,11,"Gamma","core","baja","rolled_back"
26.37,12.09,147,4,70.56,6.7,"Alpha","database","media","success"
3.21,3.64,145,0,59.5,15.61,"Alpha","database","alta","success"
14.01,9.84,140,0,44.79,5.86,"Beta","auth","baja","success"
22.42,17.06,124,1,86.7,1.36,"Gamma","core","baja","success"
20.42,10.56,155,3,56.57,2.02,"Alpha","auth","media","success"
42.06,7.77,133,1,66.41,9.59,"Delta","api","media","success"
29.59,11.91,139,1,82,32.4,"Beta","core","baja","success"
1.54,14.66,159,2,97.2,8.55,"Gamma","database","baja","success"
2.35,7.26,156,0,77.48,4.2,"Beta","ui","alta","failed"
14.42,3.64,147,1,98.64,39.45,"Delta","core","critica","rolled_back"
13.41,7.75,140,2,79.05,8.93,"Gamma","api","alta","success"
37.58,12.21,162,1,77.59,57.9,"Gamma","auth","media","success"
32.87,14.96,163,4,67.89,3.96,"Alpha","core","baja","success"
31.1,0.83,156,0,59.67,3.26,"Delta","database","media","success"
18.21,18.99,135,0,80.98,9.24,"Beta","ui","baja","success"
9.56,3.05,155,0,76.03,27.46,"Gamma","auth","baja","success"
10.71,1.03,132,0,69.68,37.26,"Delta","core","baja","success"
32.11,16.96,147,0,85.99,38.41,"Gamma","ui","media","success"
12.92,9.2,160,0,94.17,43.65,"Gamma","ui","critica","success"
11.35,5.41,126,2,95.94,12.29,"Delta","auth","critica","success"
27.3,16.81,148,3,68.22,11.37,"Delta","auth","baja","failed"
7.91,9.77,156,1,59.44,39.4,"Delta","core","media","success"
3.72,2.82,136,0,84.31,32.69,"Delta","core","baja","success"
2.1,2.86,148,1,65.88,9.77,"Delta","ui","baja","rolled_back"
36.66,17.63,132,0,55.43,8.95,"Beta","database","media","success"
36.41,1.5,139,1,77.97,24.03,"Alpha","auth","media","success"
2.15,7.37,135,1,82.07,1.55,"Gamma","auth","media","success"
27.4,8.58,160,3,75.17,20.96,"Beta","auth","baja","success"
14.87,15.33,133,0,59.04,3.28,"Gamma","auth","alta","success"
27.87,14.06,147,3,54.96,11.36,"Alpha","ui","critica","failed"
10.88,18.63,148,2,89.31,0.88,"Delta","api","media","success"
42.73,3.7,157,1,72.98,48.48,"Alpha","api","baja","success"
6.11,16.4,145,1,58.5,5.94,"Alpha","ui","baja","success"
6.7,11.31,148,1,63.31,6.57,"Alpha","core","media","failed"
7.61,17.81,148,1,56.59,7.28,"Gamma","ui","baja","success"
14.24,18.81,147,3,93.97,26.87,"Beta","api","alta","success"
27.55,0.77,148,1,53.03,7.03,"Beta","ui","media","success"
10.59,8.61,162,1,68.76,1.91,"Alpha","database","media","success"
21.18,2.48,145,3,61.03,26.03,"Beta","core","media","failed"
21.2,9.56,153,1,44.35,18.97,"Gamma","database","media","success"
18.11,14.53,145,0,78.55,6.26,"Gamma","ui","baja","success"
44.46,9.51,150,0,98.45,6.89,"Beta","api","media","success"
1.94,4.03,152,3,67.36,4.23,"Delta","auth","baja","success"
39.15,11.77,170,0,45.08,0.67,"Gamma","database","baja","success"
5.53,6.17,162,2,94.94,30.32,"Alpha","core","baja","success"
9.42,14.79,144,0,46.26,53.4,"Gamma","auth","baja","success"
20.98,18.38,152,1,46.79,17.64,"Beta","core","media","success"
33.22,5.55,157,2,76.88,67.4,"Delta","api","baja","success"
9.76,11.15,151,2,59.06,25.4,"Beta","auth","media","failed"
7.56,15.42,150,2,65.06,101.29,"Delta","api","baja","success"
10.76,10.6,140,1,65.2,7.07,"Alpha","ui","baja","success"
8.84,4.76,157,0,49.52,42.97,"Alpha","database","baja","success"
38.61,8.36,159,1,88.31,37.58,"Beta","core","media","success"
33.69,11.42,154,0,69.56,33.27,"Alpha","database","baja","success"
26.28,1.57,160,2,98.64,93.24,"Gamma","auth","baja","success"
38.71,15.44,180,2,63.08,8.62,"Gamma","auth","alta","success"
7.95,1.09,151,1,40.88,19.82,"Beta","database","media","success"
17.92,3.06,161,1,42.65,56.73,"Gamma","database","alta","failed"
15.4,8.57,164,0,69.12,78.7,"Gamma","core","alta","success"
2.8,12.43,134,1,76.42,5.31,"Beta","api","baja","success"
18.37,12.95,162,2,67.25,7.85,"Beta","api","alta","success"
32.36,13.05,127,2,94.19,82.09,"Beta","core","alta","failed"
12.29,2.33,140,3,94.97,0.92,"Gamma","auth","baja","success"
29.68,8.71,123,1,87.13,1.49,"Delta","auth","baja","failed"
8.79,1.19,161,3,77.65,2,"Gamma","core","baja","success"
35.1,6.67,158,2,89.1,26.73,"Delta","database","baja","success"
22.35,18.03,149,2,91.81,14.58,"Beta","ui","critica","success"
4.13,5.17,150,0,82.5,25.17,"Alpha","ui","media","success"
35.03,14.03,172,1,86.8,18.25,"Beta","database","media","success"
39.65,17.9,133,1,74.89,30.39,"Delta","auth","critica","success"
27.15,13.86,128,1,76.49,11.39,"Delta","api","baja","success"
28.02,2.63,153,1,66.43,29.98,"Delta","core","baja","success"
19.8,16.5,144,1,51.39,14.47,"Alpha","api","baja","success"
3.61,14.15,165,2,46.27,35.82,"Beta","ui","media","success"
29.82,14.35,141,0,69.9,56.51,"Gamma","ui","media","success"
23.33,9.31,149,1,49.96,5.06,"Delta","database","media","success"
35.71,3.34,152,1,74,30.44,"Delta","ui","media","success"
25.3,2.72,150,4,72.26,34.29,"Delta","ui","critica","success"
20.82,17.94,164,1,99.64,5.99,"Gamma","core","alta","success"
37.94,4.29,161,3,42.23,33.08,"Beta","core","critica","success"
30.89,2.46,160,2,79.64,1.67,"Gamma","database","media","success"
3.75,3.9,141,1,70.4,82.34,"Gamma","core","baja","success"
6.98,6.66,135,1,55.96,18.35,"Beta","core","baja","success"
37.45,13.65,160,0,57.61,14.06,"Alpha","core","alta","success"
18.96,12.8,154,1,60.51,8.67,"Delta","database","critica","success"
23.47,8.13,144,2,97.35,0.6,"Gamma","core","alta","success"
16.17,12.41,156,1,66.3,3.14,"Delta","core","baja","success"
28.64,17.78,138,1,93.61,64.6,"Delta","core","baja","failed"
26.62,14.58,170,0,76.62,45.48,"Alpha","ui","baja","success"
11.17,10.12,167,1,60.14,12.81,"Alpha","ui","baja","success"
29.32,16.29,144,2,42.85,0.67,"Beta","database","baja","success"
17.02,6.47,166,0,80.32,4.93,"Beta","database","baja","success"
21.11,4.58,155,3,59.99,7.79,"Delta","ui","baja","success"
18.93,6.25,145,1,43.18,13.46,"Delta","database","baja","success"
11.15,2.43,149,1,63.62,1.2,"Alpha","database","critica","success"
12.28,4.2,164,1,45.88,0.38,"Gamma","api","alta","success"
9.17,2.87,153,0,78,3.97,"Beta","auth","media","success"
20.31,9.77,147,2,86.53,86.89,"Beta","auth","media","success"
28.02,14.49,140,1,42.75,32.7,"Delta","ui","media","failed"
19.29,4.41,156,0,73.16,46.91,"Delta","auth","baja","success"
41.2,6.77,168,1,47.78,0.88,"Beta","auth","baja","success"
13.73,9.83,145,0,49.98,30.2,"Delta","core","baja","failed"
10.88,13.37,149,0,48.75,58.71,"Alpha","database","media","success"
25.53,13.35,168,1,80.17,42.79,"Alpha","auth","alta","success"
16.73,17.69,152,0,68.72,26.07,"Alpha","api","media","success"
42.31,1.21,136,2,77.79,24.42,"Gamma","api","media","success"
28.89,5.39,113,1,83.02,128.62,"Beta","database","media","success"
20.51,6.94,139,1,69.48,2.93,"Alpha","database","media","success"
14.1,16.54,183,0,68.35,12.71,"Delta","core","alta","success"
3.09,12.63,136,1,80.27,8.87,"Delta","database","alta","success"
25.35,5.56,132,0,56.61,1.63,"Alpha","ui","baja","success"
15.44,10.02,149,3,52.36,44.53,"Alpha","core","media","failed"
22.42,14.76,155,0,94.14,1.88,"Delta","core","critica","success"
36.7,2.7,160,1,57.75,14.03,"Delta","database","baja","success"
11.02,10.52,147,2,50.21,43.72,"Delta","api","baja","success"
5.39,13.3,149,3,55.11,9.19,"Alpha","auth","baja","success"
36.18,4.35,140,0,50.19,27.45,"Delta","database","media","success"
9.09,9.99,147,0,62.24,9.58,"Gamma","ui","media","success"
36.36,16.65,149,2,99.39,59.97,"Beta","auth","baja","success"
3.11,17.26,149,2,78.95,1.4,"Delta","ui","media","failed"
38.35,15.42,153,3,81.69,31.29,"Beta","ui","media","success"
37.24,13.13,158,0,76.03,40.21,"Gamma","api","baja","success"
40.55,4.25,151,2,61.33,14.1,"Gamma","ui","baja","success"
17.78,4.26,157,1,40.65,7.62,"Delta","auth","baja","success"
14.82,10.54,141,1,75.03,5.92,"Delta","auth","media","rolled_back"
41.47,15.23,170,1,69.24,18.55,"Alpha","ui","baja","success"
15.47,19.89,133,3,97.44,69.61,"Delta","api","baja","success"
41.75,7.36,151,1,78.52,32.13,"Alpha","ui","media","rolled_back"
27.73,4.91,154,0,46.11,36.52,"Beta","database","media","success"
26.78,14.43,157,2,83.19,13.08,"Beta","ui","baja","rolled_back"
33.5,8.96,157,0,81.01,1.66,"Beta","auth","alta","success"
18.89,18.48,146,1,98.37,24.78,"Delta","database","media","success"
17.47,18.43,141,0,87.19,11.71,"Beta","api","alta","success"
20.26,7.86,141,0,79.14,14.5,"Delta","api","baja","success"
16.12,3.09,168,1,53.01,4.35,"Delta","ui","media","success"
31.87,15.29,167,4,41.69,55.78,"Alpha","database","baja","success"
13.17,19.83,171,2,87.57,47.78,"Beta","core","critica","success"
38.63,1.34,124,4,67.24,20.52,"Alpha","database","baja","success"
41.99,5.42,152,0,42.8,7.48,"Alpha","core","alta","success"
21.71,0.57,141,0,43.09,8.2,"Alpha","auth","media","success"
1.76,6.37,138,1,54.15,12.25,"Alpha","database","alta","rolled_back"
42.43,1.21,185,2,97.82,73.48,"Beta","ui","media","success"
20.36,9.95,137,1,81.37,0.05,"Gamma","api","baja","failed"
37.74,11.18,144,2,98.5,79.92,"Delta","auth","critica","success"
23.91,17.25,127,1,98.81,1.42,"Delta","core","media","success"
22.38,0.6,139,1,86.85,1.64,"Delta","core","baja","success"
7.79,19.99,133,2,98.02,15.28,"Gamma","database","media","success"
4.02,0.58,150,1,50.64,66.48,"Alpha","api","baja","success"
29.78,13.87,155,4,41.37,37.54,"Delta","core","baja","success"
17.75,19.74,137,3,55.19,39.18,"Gamma","core","media","success"
2.57,14.78,152,0,96.05,25.8,"Alpha","database","alta","success"
4.76,12.73,143,3,92.4,71.23,"Alpha","ui","baja","success"
37.61,2.15,145,2,67.16,15.19,"Alpha","database","media","success"
33.44,12.32,151,0,47.69,7.08,"Delta","api","media","success"
3.59,11.35,157,1,51.37,49.3,"Delta","database","media","rolled_back"
33.04,9.78,151,1,77.09,12.14,"Alpha","auth","baja","rolled_back"
2.1,0.68,150,3,58.28,25.92,"Gamma","api","baja","success"
28.08,18.07,135,1,73.5,36.23,"Gamma","core","baja","success"
11.18,8.26,154,2,83.91,5.43,"Alpha","core","baja","success"
28.49,8.41,184,4,94.64,5.31,"Alpha","ui","baja","rolled_back"
26.05,18.6,164,1,54.43,56.89,"Gamma","database","media","success"
23.57,15.62,164,2,52.51,4.46,"Delta","api","media","success"
12.69,8.72,158,0,64,51.05,"Gamma","api","baja","success"
17.11,11.06,146,0,58.62,66.44,"Delta","database","alta","success"
14.03,9.8,149,1,70.84,34.96,"Delta","ui","alta","failed"
9.77,5.95,142,2,88.21,47.13,"Gamma","core","media","success"
28.93,10.55,153,0,98.56,41.35,"Beta","ui","media","success"
1.97,4.16,139,0,50.09,32.35,"Delta","auth","media","success"
7.8,9.29,140,4,60.79,47.25,"Gamma","database","alta","success"
23.66,1.24,149,2,65.93,68.73,"Gamma","database","alta","success"
21.76,11.03,135,1,52.26,23,"Delta","ui","baja","success"
24.17,9.67,146,2,74.81,17.32,"Gamma","ui","media","success"
31.55,1.77,156,2,41.88,3.8,"Gamma","ui","baja","success"
45,1.61,165,3,50.02,16.34,"Beta","auth","baja","success"
42.78,6.65,139,1,65.49,71.69,"Delta","database","alta","rolled_back"
42.93,6.68,150,1,47.1,0.77,"Alpha","core","baja","failed"
31.26,7.64,163,0,91.85,96.19,"Beta","database","baja","success"
33.52,2.81,146,2,94.6,19.89,"Alpha","core","baja","success"
43.12,14.45,144,3,45.63,45.07,"Alpha","ui","baja","success"
10.52,11.02,166,1,66.16,9.28,"Delta","core","media","success"
30.85,11.85,161,1,64.16,0.12,"Delta","auth","baja","success"
5.75,18.09,138,0,67.86,2.85,"Alpha","database","media","success"
23.19,4.87,147,1,57.72,34.63,"Alpha","api","critica","success"
34.48,16.76,163,0,97.79,50.48,"Delta","auth","media","success"
2.02,16.14,164,1,71.99,3.91,"Beta","ui","alta","failed"
8.45,4.26,144,0,56.41,22.38,"Alpha","ui","media","failed"
6.3,17.86,148,1,66.66,11.21,"Alpha","api","baja","success"
36.43,0.83,139,2,93.98,5,"Alpha","api","baja","success"
17.81,2.46,147,1,60.88,2.91,"Gamma","core","media","success"
28.93,8.66,160,1,43.94,15.55,"Beta","auth","media","success"
34.64,11.67,159,1,61.53,19.88,"Alpha","core","media","success"
12.31,3.12,160,0,73.88,39.48,"Delta","auth","media","success"
17.75,4.92,146,1,92.36,40.15,"Beta","ui","media","success"
16.27,6.18,155,0,50.89,2.05,"Alpha","api","critica","failed"
32.24,5.8,167,0,75.08,18.48,"Gamma","ui","baja","success"
26.37,12.69,149,0,45.37,14.42,"Delta","auth","media","success"
7.75,13.42,156,2,56.88,43.18,"Delta","database","baja","success"
14.4,9.59,160,1,76.04,21.58,"Gamma","api","baja","success"
18.55,16.1,156,3,48.87,27.89,"Alpha","api","baja","success"
24.22,19.77,180,0,92.35,4.38,"Delta","database","media","success"
26.99,13.14,155,2,99.61,40.44,"Beta","auth","baja","success"
14.94,10.43,164,1,76.83,16.96,"Alpha","database","baja","success"
17.14,6.28,152,2,49.03,21.6,"Gamma","auth","baja","success"
41.92,17.22,172,2,52.78,3.42,"Gamma","core","critica","success"
25.2,17.48,144,4,55.5,13.75,"Alpha","database","baja","success"
27.12,3.5,130,1,48.77,2.96,"Beta","ui","media","success"
12.43,17.05,152,2,83.96,4.34,"Beta","api","alta","failed"
18.41,8.54,165,2,43.58,37.43,"Delta","auth","media","success"
29.6,3.64,148,1,65.49,28.83,"Alpha","auth","baja","success"
17.39,15.82,148,1,80.46,14.32,"Beta","ui","media","success"
21.84,12.65,151,3,70.78,6.24,"Beta","auth","baja","success"
9.2,15.14,158,1,62.62,11.95,"Alpha","database","media","success"
22.43,2.9,139,0,80.81,50.09,"Gamma","ui","critica","success"
42.02,2.25,144,0,78.37,50.63,"Gamma","api","media","success"
2.62,18.61,143,0,81.36,3.27,"Beta","api","baja","success"
18.17,5.75,148,0,97.18,1.53,"Alpha","api","media","success"
12.39,12.33,168,1,85.94,3.62,"Gamma","auth","alta","success"
26.63,10.19,163,1,87.09,57.15,"Delta","core","baja","success"
4.46,17.21,156,0,56.97,12.14,"Gamma","core","baja","success"
29.79,8.95,148,2,40.52,25.24,"Alpha","database","media","success"
3.86,13.2,161,1,63.77,19.65,"Delta","core","alta","success"
14.16,6.22,145,1,51.7,10.83,"Gamma","core","baja","success"
15.02,9.41,165,2,45.4,9.47,"Beta","database","alta","success"
20.71,2.74,145,0,77.76,0.22,"Delta","auth","media","success"
20.47,15.58,169,1,88.9,22.09,"Gamma","auth","baja","success"
44.66,18.66,148,0,70.62,17.4,"Gamma","core","baja","failed"
28.11,3.13,174,0,58.05,57.47,"Alpha","core","baja","success"
15.2,15.71,137,0,65.34,52.68,"Delta","api","critica","success"
39.02,1.98,154,2,79.65,16.87,"Delta","database","baja","success"
16.19,17.37,167,0,44.53,7.06,"Delta","core","baja","success"
30.72,5.65,158,1,89.1,17.35,"Delta","ui","baja","success"
40.63,10.53,147,1,93.68,13.76,"Gamma","api","baja","success"
38.22,12.28,163,1,60.77,35.44,"Beta","auth","baja","success"
5.4,17.3,159,0,60.85,4.04,"Gamma","ui","media","success"
14.52,7.12,147,1,62.44,49.61,"Alpha","api","baja","success"
24.59,13.48,137,2,67.88,29.05,"Gamma","database","media","success"
17.99,6.76,165,0,44.07,28.92,"Gamma","auth","alta","success"
38.27,9.4,140,1,93.44,5.4,"Alpha","core","baja","success"
38.96,16.52,174,1,65.65,119.11,"Delta","core","media","success"
31.14,5.28,158,0,43.65,74.19,"Beta","core","media","success"
23.27,6.5,154,0,57.08,27.04,"Beta","api","media","success"
36.34,2.59,157,0,55.79,44.62,"Gamma","database","media","success"
3.52,16.78,143,1,66.68,3.85,"Gamma","core","baja","success"
12.89,12.58,134,2,66.2,11.11,"Alpha","ui","alta","success"
10.14,4.79,163,0,91.16,15.03,"Beta","api","baja","success"
37,16.83,146,0,46.92,7.88,"Delta","core","alta","success"
38.18,8.28,145,1,51.68,46.86,"Delta","database","media","success"
37.73,8.35,157,1,45.14,2.89,"Delta","core","baja","failed"
13.27,4.48,153,1,70.4,34.9,"Beta","database","baja","success"
2.35,4.06,124,1,57.21,17.61,"Gamma","ui","media","success"
28.93,7.03,150,0,45.11,40.55,"Delta","ui","alta","success"
34.04,16.08,148,0,56.68,23.68,"Beta","api","baja","failed"
23.5,2.89,177,2,81.65,10.33,"Beta","auth","media","success"
17.36,3.28,161,3,68.67,2.82,"Gamma","auth","critica","success"
14.98,13.61,157,1,67.96,46.55,"Gamma","ui","baja","success"
17.14,8.7,143,1,61.9,19.73,"Alpha","auth","baja","success"
17.29,17.69,157,4,89.3,21.02,"Delta","ui","baja","success"
24.93,9.7,149,2,74.34,6.19,"Beta","ui","baja","success"
29.88,12.43,149,0,70.82,29.36,"Delta","api","media","success"
19.05,16.45,170,0,95.61,22.04,"Beta","ui","media","failed"
26.86,19.15,168,1,42.17,57.61,"Gamma","auth","media","failed"
31.77,1.28,169,0,97.67,18.48,"Delta","auth","critica","success"
40.28,1.48,154,1,78.6,61.73,"Beta","api","baja","success"
42.74,14.5,128,3,51.34,93.27,"Beta","ui","media","success"
19.81,4.91,144,0,61.58,4.52,"Beta","api","baja","success"
29.19,3.71,154,0,53.78,1.7,"Alpha","ui","media","success"
9.24,14.15,138,1,44.28,23.58,"Alpha","auth","baja","success"
4.99,7.66,142,3,68.72,56.9,"Beta","database","baja","success"
26.12,14.87,135,1,68.53,11.33,"Gamma","api","media","success"
37.04,10.36,173,1,96.39,47.96,"Alpha","auth","alta","rolled_back"
34.55,12.75,149,1,85.11,0.29,"Beta","core","critica","success"
26.37,10.19,150,1,84,27.97,"Alpha","ui","baja","failed"
44.51,19.21,139,2,98.31,79.16,"Alpha","core","critica","failed"
44.79,9.16,159,1,69.61,18.9,"Gamma","core","media","failed"
15.48,19.08,135,2,88.53,79.33,"Gamma","core","critica","success"
8.98,3.68,138,0,52.07,41.26,"Alpha","auth","alta","failed"
17.69,1.91,157,1,89.7,5.7,"Delta","auth","media","success"
24.94,12.96,148,1,97.03,34.91,"Delta","auth","alta","success"
36.79,7.09,147,2,86.29,13.64,"Delta","api","critica","success"
31.89,12.67,134,2,50.89,7.7,"Gamma","auth","media","success"
40.65,1.98,149,2,83.23,12.96,"Gamma","database","critica","success"
32.96,6.59,140,0,59.7,98.94,"Beta","ui","alta","success"
12.59,3.45,143,0,81.86,2,"Alpha","database","media","failed"
14.93,14.52,149,2,46.59,18.53,"Gamma","core","critica","success"
33.99,12.16,138,3,45.54,14.77,"Alpha","core","baja","success"
10.43,18.67,149,1,71.54,7.68,"Beta","api","baja","success"
13.94,12.93,160,1,72.46,2.54,"Alpha","auth","critica","success"
40.6,12.8,161,1,98.88,10.71,"Alpha","auth","baja","success"
8.81,4.74,164,1,70.2,21.37,"Alpha","ui","media","success"
7.75,15.94,165,0,93.13,8.15,"Gamma","api","media","success"
33.41,12.56,151,3,95.94,65.48,"Delta","api","baja","success"
25.11,13.65,168,2,75.18,51.74,"Alpha","core","media","success"
25.09,5.05,156,0,62.83,13.62,"Delta","auth","baja","failed"
32.09,16.01,156,2,72.71,58.51,"Alpha","api","media","failed"
29.84,12.17,161,2,81.53,52.13,"Alpha","api","baja","rolled_back"
34.61,13.74,141,1,44.8,82.03,"Delta","core","alta","success"
13.71,11.13,131,1,91,24.85,"Delta","auth","critica","success"
44.31,8.25,163,1,74.86,28.55,"Delta","auth","baja","failed"
43.42,8.07,146,0,77.25,58.87,"Gamma","core","alta","success"
2.72,12.88,152,0,94.05,28.49,"Delta","database","media","success"
34,3.79,170,1,88.79,13.95,"Alpha","auth","media","success"
17.45,15.49,143,3,80.49,8.54,"Gamma","core","baja","success"
16.9,6.76,142,2,97.83,66.79,"Gamma","ui","critica","success"
2.34,4.47,162,1,64.15,6.1,"Delta","auth","critica","success"
34.51,13.92,160,0,93.69,37.73,"Delta","database","critica","success"
8.36,11.99,148,2,86.26,16.22,"Gamma","core","alta","rolled_back"
6.38,6.56,162,0,77.36,2.64,"Beta","database","media","success"
32.55,17.73,152,3,67.38,10.57,"Alpha","api","critica","success"
20.87,7.76,149,3,46.91,99.32,"Alpha","api","critica","success"
2.64,5.55,150,0,69.51,6.01,"Beta","ui","media","success"
41.51,3.28,163,1,54.97,10.95,"Gamma","api","media","success"
35.64,10.13,140,0,82.38,34.54,"Delta","api","alta","success"
19.99,6.98,156,2,68.69,14.15,"Alpha","database","alta","success"
7.12,9.22,155,2,47.88,86.3,"Gamma","api","baja","success"
37.11,10.06,155,2,82.55,5.94,"Beta","api","baja","success"
32.68,18.18,142,2,74.99,8.97,"Delta","ui","media","success"
19.43,5.04,171,0,84.1,27.69,"Gamma","auth","baja","success"
9.11,4.44,146,0,43.99,11.46,"Gamma","database","baja","failed"
1.97,7.34,139,1,66.77,0.76,"Delta","auth","baja","success"
16.33,11.24,160,1,99.71,1.04,"Delta","api","baja","success"
9.74,3.14,153,1,85.4,21.16,"Gamma","core","critica","failed"
25.96,8.24,152,2,73.06,5.22,"Alpha","auth","baja","success"
27.08,15.58,163,1,89.78,17.06,"Delta","core","media","success"
13.76,5.62,149,1,44.91,63.95,"Gamma","database","baja","success"
41.78,19.74,163,1,56.45,22.35,"Beta","core","baja","success"
32.12,19.71,151,1,47.07,20.72,"Gamma","api","baja","success"
13.53,7.04,139,2,70.46,8.92,"Delta","ui","media","success"
32.61,12.81,123,0,86.17,55.84,"Delta","auth","media","rolled_back"
27.98,13.75,144,1,45.01,11.83,"Alpha","database","baja","success"
19.26,17.23,126,4,41.56,0.2,"Alpha","core","alta","success"
8.78,18.89,159,2,79.66,6.46,"Beta","auth","critica","success"
2.56,14.25,145,0,50.78,14.21,"Beta","database","baja","success"
8.23,7.33,161,2,87.16,1.66,"Alpha","database","media","success"
27.02,16.55,147,0,56.12,11.69,"Beta","api","baja","success"
11,7.3,152,2,54.74,9.17,"Alpha","ui","critica","success"
3.43,19.6,143,2,51.33,15.42,"Alpha","auth","critica","failed"
41.28,14.95,173,1,94.16,4.39,"Alpha","ui","media","failed"
39.35,10.73,164,3,91.22,18.94,"Gamma","auth","media","success"
37.45,3.82,158,3,73.52,5.36,"Delta","auth","media","success"
28.02,16.53,134,2,57.37,5.53,"Gamma","api","critica","rolled_back"
32.98,8.91,141,0,91.42,9.8,"Alpha","api","media","success"
36.16,18.2,164,2,49.84,32.05,"Beta","api","baja","success"
39.24,6.16,174,0,53.21,17.43,"Gamma","ui","baja","success"
31.96,18.27,143,1,85.47,83.29,"Alpha","core","critica","success"
16.1,3.75,142,1,43.37,60.34,"Alpha","database","media","success"
23.15,19.95,163,1,93.87,29.71,"Gamma","auth","baja","failed"
35.27,13.43,150,0,56.49,0.8,"Beta","database","media","success"
19.73,12.45,143,3,96.37,6.3,"Beta","api","media","success"
26.86,9.17,136,1,59.05,32.07,"Gamma","core","alta","success"
14.57,10.71,139,3,77.84,8.44,"Gamma","ui","alta","success"
7.9,19.71,152,0,55.4,2.03,"Gamma","core","critica","success"
13.49,12.22,163,3,89.59,32.25,"Alpha","auth","baja","success"
10.33,0.54,162,0,71.09,18.29,"Gamma","ui","baja","success"
11.3,17.22,154,1,90.72,0.96,"Alpha","auth","baja","success"
24.12,14.94,141,0,90.85,54.45,"Alpha","database","baja","success"
41.55,16.84,153,0,50.29,24.03,"Alpha","api","alta","success"
26.79,4.51,147,1,98.15,23.8,"Gamma","ui","media","success"
12.88,12.63,159,0,55.6,9.98,"Delta","database","media","success"
17.77,8.05,150,1,95.67,5.01,"Beta","core","media","success"
26.01,13.76,163,4,64.41,43.56,"Beta","core","baja","failed"
8.44,3.19,161,0,59.32,24.93,"Alpha","auth","media","success"
30.68,16.79,139,1,71.93,22.85,"Delta","api","baja","success"
2.29,14.51,132,2,68.6,4.18,"Alpha","ui","critica","success"
2.04,1.67,122,1,58.66,16.25,"Alpha","api","media","success"
30.41,18.29,157,1,64.57,17.32,"Gamma","database","media","failed"
10.44,18.15,123,1,91.21,9.91,"Gamma","auth","media","success"
18.2,13.91,153,0,90.95,18.82,"Delta","core","alta","success"
8.44,3.95,142,0,48.24,5.28,"Delta","ui","alta","success"
32.32,4.03,153,0,80.5,4.52,"Gamma","database","baja","success"
28.24,11.97,139,1,45.43,6.2,"Gamma","ui","critica","success"
4.16,18.96,143,0,97.4,19.6,"Gamma","api","media","rolled_back"
19.17,19.21,145,1,91.98,15.68,"Gamma","core","baja","success"
6.07,8.98,151,3,64.67,0.69,"Beta","database","alta","success"
19.01,12.05,142,2,87.47,15.22,"Alpha","ui","baja","success"
21.32,11.63,146,0,66.71,16.84,"Alpha","core","media","success"
28.67,5.36,148,1,51.43,6.81,"Alpha","ui","baja","success"
4.93,9.87,146,0,59.83,58.43,"Gamma","auth","baja","success"
16.38,7.14,159,0,74.92,7.04,"Delta","auth","alta","success"
2.53,8.58,169,0,41.72,5.11,"Delta","auth","baja","rolled_back"
16.36,9.84,150,1,63.01,7.93,"Gamma","ui","critica","success"
35.58,10.88,165,2,99.21,4.05,"Delta","core","baja","success"
33.74,3.53,150,0,87.7,9.51,"Delta","database","baja","success"
37,3.45,143,3,41.8,40.71,"Delta","core","baja","rolled_back"
3.92,10.06,165,2,55.85,8.46,"Delta","core","critica","success"
8.09,17.57,134,1,58.38,22.41,"Gamma","api","critica","rolled_back"
29.91,9.61,159,1,48.97,35.88,"Beta","core","media","success"
18.59,14.95,151,3,56.07,7.35,"Alpha","database","alta","success"
9.49,8.56,138,2,97.02,12.39,"Gamma","ui","media","failed"
7.09,10.86,159,1,40.07,11.39,"Delta","ui","baja","success"
7.11,13.19,160,1,80.09,7.1,"Alpha","api","media","success"
28.65,16.64,153,3,44.59,0.73,"Alpha","api","baja","success"
23.34,9.7,146,1,73.2,16.91,"Gamma","api","baja","success"
22.74,2.66,135,2,65.65,11.12,"Gamma","api","baja","success"
39.47,6.72,146,0,96.29,11.01,"Delta","core","media","success"
9.86,17.29,144,1,71.98,20.44,"Gamma","api","baja","failed"
34.55,6.68,155,2,59.64,9.04,"Delta","auth","media","rolled_back"
11.04,11.89,161,0,40.02,13.31,"Gamma","core","baja","rolled_back"
8.31,6.14,161,1,84.83,1.7,"Delta","database","critica","success"
7.77,14.01,139,1,88.3,55.99,"Gamma","database","alta","success"
40.06,6.12,159,1,52.32,49.01,"Beta","ui","critica","success"
30.59,6.82,155,2,43.91,15.19,"Alpha","api","baja","success"
21.37,6.39,135,1,59.21,7.99,"Gamma","ui","baja","success"
32.65,4.73,161,1,51.12,32.32,"Gamma","core","baja","success"
32.26,5.32,133,1,95.25,1.8,"Alpha","database","critica","success"
29.63,6.2,164,1,56.62,4.28,"Beta","ui","media","success"
41.34,4.13,150,2,52.68,12.63,"Beta","auth","baja","failed"
10.18,17.07,154,1,73.47,7.11,"Alpha","auth","baja","success"
20.42,12.29,155,1,83.02,40.39,"Alpha","auth","media","failed"
3.11,17.32,156,2,54.31,29.64,"Gamma","api","alta","success"
8.35,10.77,136,0,50.39,91.43,"Gamma","auth","baja","success"
32.05,18.83,155,3,87.06,69,"Alpha","ui","media","success"
33.69,18.25,149,1,90.03,27.53,"Alpha","ui","alta","success"
20.19,9.77,143,0,80.69,17.03,"Delta","api","baja","failed"
16.77,3.64,124,2,82.3,9.35,"Gamma","auth","media","success"
22.57,4.88,154,1,45.97,16.98,"Alpha","ui","critica","success"
2.53,15.17,146,2,42.42,0.36,"Beta","core","media","rolled_back"
38.43,18.63,144,2,52.03,15.19,"Delta","database","critica","success"
29.89,5.57,144,2,43.02,58.53,"Gamma","api","media","success"
9.58,1.68,140,1,41.66,53.08,"Beta","api","media","success"
25.31,12.9,141,0,86.88,1.02,"Gamma","ui","media","success"
39.51,9.02,155,0,61.2,6.47,"Alpha","api","alta","success"
11.48,1.13,142,1,50.09,51.41,"Beta","api","media","success"
16.28,14.67,151,4,87.96,49.32,"Gamma","core","baja","success"
35.26,4.54,151,2,90,14.14,"Beta","ui","alta","success"
11.85,2.89,155,1,58.01,14.1,"Alpha","database","media","success"
4.82,18.01,166,1,40.94,3.31,"Alpha","api","baja","success"
19.7,1.66,154,3,64.89,42.73,"Beta","api","critica","success"
10.18,16.34,160,1,99.69,15.02,"Alpha","api","baja","success"
29.85,13.91,140,0,47.87,117.2,"Delta","auth","baja","success"
28.54,10.81,123,2,65.96,16.22,"Delta","ui","baja","success"
19.68,18.98,159,2,44.19,56.75,"Delta","auth","media","success"
7.97,9.55,153,2,86.03,3.82,"Beta","core","media","success"
9.5,5.13,138,0,62.82,13.98,"Beta","core","alta","failed"
20,6.34,149,0,47.43,59.04,"Delta","database","baja","success"
18.43,5.3,126,1,55.4,10.55,"Delta","ui","baja","success"
3.99,9.53,143,0,95.36,66.2,"Beta","auth","baja","success"
1.74,3.88,151,0,48.07,0.04,"Delta","database","baja","success"
39.91,5.21,155,0,81.72,25.33,"Delta","core","baja","success"
14.79,18.66,129,0,71.52,26.39,"Gamma","ui","media","success"
43.37,5.85,140,2,60.27,73.75,"Beta","api","media","success"
30.9,5.17,130,0,40.98,23.87,"Beta","api","baja","success"
38.66,19.24,138,1,40.05,14.13,"Alpha","ui","media","success"
20.33,4.42,158,0,51.02,18.75,"Alpha","database","baja","success"
41.76,15.96,117,2,53.38,23.82,"Delta","database","media","success"
34.32,4.61,153,2,86.78,14.11,"Delta","auth","media","success"
13.55,19.92,139,1,63.9,0.42,"Beta","core","baja","failed"
31.36,5.93,149,2,69.57,15.72,"Gamma","database","critica","success"
41.58,16.46,145,0,50.55,2.17,"Beta","core","baja","failed"
33.72,5.86,128,1,95.26,56.45,"Beta","api","baja","success"
30.75,8.79,167,3,80.86,4.96,"Beta","database","media","success"
33.87,14.69,166,2,81.88,52.09,"Beta","ui","baja","success"
6.43,13.03,133,4,40.53,10.12,"Delta","database","media","success"
3.29,12.56,140,2,48.64,2.78,"Alpha","core","baja","success"
17.73,12.07,169,1,73.19,18.92,"Beta","database","baja","success"
23.32,13.81,137,0,74.51,0.1,"Delta","database","media","success"
42.84,18.01,135,0,53.51,4.9,"Delta","core","baja","success"
42.76,5.65,142,2,73.52,62.34,"Delta","ui","critica","success"
29.54,7.69,144,3,69.94,0.61,"Gamma","auth","media","failed"
15.22,15.43,127,1,95.49,14.42,"Beta","auth","baja","rolled_back"
24.66,19.54,149,1,52.69,75.87,"Gamma","api","baja","success"
30.85,0.52,151,2,68.56,125.4,"Beta","api","media","success"
38.79,5.1,131,2,77.22,37.22,"Beta","auth","baja","success"
25.73,17.47,132,2,86.56,2.47,"Delta","database","baja","success"
5.61,9.05,136,0,94.5,29.31,"Gamma","auth","media","failed"
32.44,11.79,165,2,73.65,19.77,"Gamma","api","baja","success"
37.83,9.28,144,3,88.34,27.61,"Delta","auth","baja","success"
18.59,7.18,145,1,62.54,84.21,"Delta","api","baja","success"
9.97,8.56,145,3,45.8,21.05,"Alpha","ui","baja","success"
12.74,13.81,132,1,91.76,12.25,"Gamma","api","baja","success"
3.12,19.26,140,1,72.5,7.65,"Delta","core","media","success"
24.5,2.66,165,2,46.87,18.36,"Beta","api","baja","failed"
27.2,5.52,162,0,76.81,24.34,"Beta","auth","media","failed"
26.83,5.64,155,2,44.16,0.48,"Alpha","ui","alta","success"
40.52,14.47,141,0,72.76,17.51,"Beta","api","media","success"
20.05,11.1,162,1,57.35,2.93,"Beta","core","alta","rolled_back"
11.83,1.46,147,1,94.56,50.2,"Delta","ui","alta","success"
23.8,1.65,139,2,73.98,26.73,"Gamma","auth","media","failed"
4.39,3.17,147,2,54.16,0.32,"Alpha","database","alta","success"
30.19,9.94,167,0,47,47.65,"Beta","ui","baja","success"
33.46,15.99,142,2,61,31.34,"Gamma","ui","baja","success"
11.02,9.97,144,4,45.61,66.02,"Alpha","api","alta","success"
9.76,3.49,154,0,60.57,27.24,"Alpha","ui","baja","success"
39.47,8.11,153,1,60.64,15.31,"Gamma","database","baja","success"
14.2,10.46,143,3,74.54,7.06,"Alpha","auth","baja","success"
44.4,2.41,154,0,94.76,0.43,"Alpha","api","baja","success"
33.22,4.16,153,2,54.08,47,"Beta","auth","media","success"
41.96,17.63,131,5,97.31,2.95,"Beta","ui","media","success"
34.2,7.42,163,1,60.31,4.06,"Alpha","ui","media","success"
15.63,1.84,170,1,96.69,17.66,"Alpha","core","baja","success"
17.83,3.46,146,1,98.68,92.11,"Alpha","auth","baja","success"
2.99,1.86,145,1,50.9,1.63,"Delta","database","baja","success"
40.42,9.82,128,0,96.75,20.2,"Beta","auth","media","success"
24.19,5.96,135,0,67.94,0.8,"Delta","database","media","success"
16.5,11.03,163,1,83.15,41.94,"Beta","core","baja","success"
36.76,18.82,151,2,79.47,12.7,"Beta","core","alta","success"
35.94,7.37,156,1,61.88,131.18,"Delta","ui","alta","success"
35.51,11.08,161,1,69.6,3.84,"Gamma","database","media","success"
24.64,0.97,172,1,66.31,21.49,"Delta","database","baja","failed"
6.26,12.25,140,0,91.76,0.28,"Delta","database","baja","success"
40.14,7.01,143,3,50.55,4.77,"Gamma","ui","alta","success"
7.28,8.58,175,3,93.96,1.08,"Alpha","core","baja","success"
37.6,0.88,160,1,52.62,0.89,"Gamma","api","alta","success"
25.56,12.33,136,1,91.58,20.52,"Alpha","auth","baja","success"
25.74,4.76,153,0,92.63,23.37,"Gamma","ui","baja","success"
33.45,14.87,144,1,45.92,10.74,"Beta","database","critica","success"
18.4,13.35,140,0,87.35,13.79,"Beta","auth","critica","success"
36.68,15.33,156,0,79.65,15.66,"Delta","database","media","success"
38.57,5.97,158,3,41.52,24.18,"Gamma","core","baja","success"
35.99,18.34,172,1,55.09,10.6,"Delta","api","baja","success"
19.64,2.82,163,1,79.26,19.19,"Beta","core","baja","success"
8.74,4.76,136,0,54.19,29.99,"Beta","auth","critica","success"
33.03,15.63,168,0,98.99,3.67,"Beta","core","baja","success"
5.62,9.03,132,4,65.27,11.83,"Alpha","ui","critica","success"
3.97,1.92,150,0,62.39,27.53,"Beta","auth","media","success"
2.46,13.38,140,5,87.32,6.74,"Alpha","database","baja","success"
29.87,3.59,148,5,73.74,19.76,"Alpha","database","media","success"
31.65,16.01,139,0,88.78,3.16,"Delta","auth","baja","success"
9.55,12.86,128,0,81.73,61.85,"Beta","core","critica","failed"
36.13,7.71,161,1,90.31,76.22,"Delta","auth","baja","success"
35.9,1.1,161,1,68,2.4,"Alpha","auth","baja","success"
28.97,14.98,159,0,48.55,19.84,"Beta","ui","alta","success"
43.06,14.59,161,0,52.78,4.88,"Delta","api","critica","failed"
7.8,6.19,176,2,90.71,27.21,"Delta","auth","baja","success"
4.16,12.46,183,1,53.2,14.54,"Beta","ui","media","success"
42.46,7.64,144,0,61.83,35.58,"Delta","database","baja","success"
38.33,15.54,150,1,78.02,15.35,"Delta","api","baja","success"
16.97,16.96,152,2,72,39.92,"Delta","ui","media","success"
18.96,16.93,159,1,48.31,33.52,"Delta","auth","media","success"
43.36,1.08,140,0,59.51,25.21,"Beta","ui","baja","success"
5.74,2.38,156,1,93.56,7.36,"Gamma","database","baja","failed"
32.36,11.96,135,3,57.46,11.42,"Beta","database","baja","rolled_back"
25.59,9.14,159,1,82.67,6.11,"Alpha","auth","media","success"
39.91,16.54,149,0,81.09,5.1,"Gamma","database","media","success"
33.38,1.11,145,2,85.56,36.61,"Gamma","api","baja","success"
28.88,7.62,154,2,98.48,0.89,"Gamma","ui","media","success"
8.26,17.46,144,1,75.39,0.18,"Delta","ui","media","failed"
22.13,14.81,152,1,53.88,70.04,"Alpha","auth","baja","success"
20.43,18.77,133,3,86.27,23.35,"Delta","auth","media","success"
8.27,5.18,152,0,66.55,5.42,"Delta","auth","media","success"
37.74,18.26,136,2,99.5,17.14,"Alpha","core","critica","success"
14.04,11.58,122,1,52.8,11.95,"Beta","api","alta","success"
29.16,10.03,151,1,78.99,126.68,"Delta","core","media","success"
22.43,10.33,144,0,94.03,28.19,"Gamma","auth","baja","rolled_back"
26.12,8.91,143,2,60.74,40.92,"Alpha","ui","critica","success"
28.08,10.03,144,2,74.95,59.43,"Alpha","api","baja","failed"
6.11,8.24,161,1,57.05,8.56,"Beta","ui","media","success"
22.67,2.47,140,0,77.42,2.41,"Alpha","api","baja","success"
8.56,16.9,143,1,98.15,36.72,"Delta","api","media","success"
20.18,8.99,152,0,63.48,53.59,"Gamma","auth","critica","success"
30.67,5.73,155,1,64.9,31.25,"Alpha","database","baja","success"
26.42,4.55,153,1,59.33,12.89,"Gamma","auth","baja","success"
13.11,4.33,179,0,77.77,82.09,"Gamma","core","media","success"
14.55,7.51,155,2,65.76,6.98,"Beta","auth","baja","success"
1.97,13.49,141,1,55.67,40.77,"Delta","auth","baja","success"
14.38,17.02,165,0,52.14,43.55,"Gamma","api","baja","success"
32.12,4.32,159,0,50.06,23.64,"Gamma","auth","baja","success"
4.66,6.07,135,0,41.68,20.04,"Gamma","database","baja","success"
43.9,8.94,137,1,57.04,44.65,"Gamma","auth","baja","success"
36.36,10,157,1,54.34,5.35,"Delta","api","media","success"
40.26,15.27,176,1,78.05,13.11,"Beta","database","baja","success"
24.06,11.05,140,3,61.38,32,"Beta","database","alta","success"
16.44,19.34,148,1,41.71,55.89,"Gamma","auth","baja","success"
21.8,8.78,138,1,58.43,8.33,"Gamma","ui","media","success"
6.23,3.82,145,1,54.92,25.43,"Alpha","database","critica","success"
11.48,15.9,144,1,86.41,0.05,"Delta","core","baja","success"
17.81,4.1,135,4,74.71,133.51,"Gamma","api","media","success"
18.99,9.92,147,2,52,35.26,"Delta","api","critica","success"
30.47,5.77,150,1,51.69,122.13,"Gamma","auth","media","success"
7.53,11.45,169,0,68.81,43.64,"Gamma","ui","baja","rolled_back"
21.7,19.48,139,2,83.99,43.6,"Gamma","database","baja","success"
7.9,4.14,142,1,92.1,5.76,"Beta","api","critica","success"
25.55,14.68,142,1,67.44,1.21,"Delta","ui","alta","success"
2.7,7.35,181,0,42.26,27.72,"Alpha","ui","media","success"
36.52,13.38,154,4,48.76,1.59,"Delta","core","baja","success"
37.9,5.55,149,3,47.13,57.54,"Beta","core","baja","success"
10.26,4.41,141,2,86.14,39.17,"Beta","ui","media","success"
25.43,13.81,179,0,41.3,5.87,"Gamma","api","baja","success"
28.16,2.24,148,2,74.83,9.54,"Gamma","ui","media","success"
7.24,17.57,154,0,88.84,91.38,"Alpha","ui","media","success"
31.83,14.37,130,0,73.27,4.34,"Delta","auth","media","success"
39.68,6.79,136,0,54.59,6.14,"Gamma","database","baja","success"
42.84,19.49,172,2,94.53,0.99,"Delta","auth","media","success"
33.42,0.76,162,0,69.28,15.41,"Alpha","auth","baja","failed"
1.57,5.84,144,0,44.51,13.97,"Alpha","auth","media","success"
35.04,4.38,149,3,73.38,9.16,"Gamma","database","media","success"
16.47,5.87,163,2,40.09,13.59,"Alpha","ui","media","success"
19.37,3.91,148,1,45.36,5.78,"Alpha","database","alta","success"
1.64,17.66,158,1,98.08,29.32,"Alpha","api","baja","success"
16.12,17.68,149,1,42.78,30.68,"Alpha","core","alta","success"
15.61,19.38,171,2,77.32,10.98,"Delta","core","media","success"
21.55,11.36,145,1,42.37,16.74,"Delta","database","baja","success"
37.4,0.75,133,2,73.07,7.37,"Alpha","database","critica","success"
30.09,18.85,159,0,62.21,17.26,"Gamma","database","media","success"
17.45,10.31,151,0,65.77,10.23,"Alpha","api","baja","rolled_back"
35.78,13.29,164,2,55.71,43.93,"Gamma","auth","media","success"
18.1,10.56,134,0,88.43,5.15,"Gamma","database","baja","failed"
42.56,1.69,153,0,63.01,20.55,"Beta","ui","baja","success"
35.07,14.77,129,0,91.84,76.58,"Gamma","database","media","rolled_back"
14.78,13.95,128,2,76.28,8.09,"Alpha","api","baja","success"
11.98,14.34,131,2,44.27,114.81,"Delta","auth","baja","success"
8.24,4.93,157,1,43.91,36.5,"Gamma","ui","critica","success"
40.13,7.46,159,1,51.22,28.76,"Delta","core","baja","success"
25,10.25,173,1,71.25,3.14,"Beta","api","baja","success"
40.93,19.08,153,1,98.12,35.03,"Delta","database","critica","success"
44.95,9.46,152,0,92.73,19.56,"Gamma","api","baja","success"
25.65,1.87,165,1,47.93,21.73,"Gamma","api","media","failed"
16.03,9.13,145,1,73.15,13.12,"Alpha","database","media","success"
30.59,9.44,137,1,57.86,38.57,"Gamma","auth","baja","success"
39.52,7.72,153,3,58.34,23.56,"Beta","core","media","success"
44.04,8.65,130,0,90.17,11.26,"Beta","ui","baja","success"
19.07,19.47,143,0,96.29,17.59,"Alpha","ui","critica","rolled_back"
33.45,0.86,137,3,56.34,5.77,"Gamma","ui","media","success"
15.25,18.72,118,1,74.71,14.77,"Beta","api","media","success"
21.36,20,166,0,96.95,25.09,"Gamma","core","media","success"
11.88,4.15,147,1,48.24,16.37,"Delta","auth","media","failed"
31.62,17.54,149,1,59.27,24.44,"Beta","auth","media","success"
19.61,11.79,176,0,83.31,0.88,"Gamma","ui","baja","failed"
31.51,17.06,159,1,55.9,28.53,"Gamma","core","media","success"
42.81,17.57,156,1,55.69,47.58,"Beta","auth","baja","success"
3.72,10.8,146,0,85.48,43.47,"Alpha","api","media","success"
28.41,17.37,158,1,55.85,0.04,"Delta","database","critica","rolled_back"
33.98,14.33,134,0,42.16,3.83,"Beta","auth","baja","success"
31.38,4.11,154,0,81.96,27.33,"Beta","ui","baja","success"
39.54,4.95,130,1,69.21,1.5,"Beta","auth","baja","failed"
36.26,18.45,163,1,98.19,162.21,"Delta","ui","baja","success"
39.89,2.41,131,0,59.73,12.15,"Delta","api","baja","success"
44.17,5.19,160,1,79.67,95.49,"Alpha","ui","baja","success"
25.36,18.19,145,4,91.15,9.49,"Beta","api","baja","success"
35.47,11.23,170,1,99.22,29.8,"Beta","core","media","success"
26.71,15.25,146,1,48.5,3.6,"Beta","api","media","success"
4.84,11.56,162,0,89.54,9.63,"Alpha","api","baja","rolled_back"
21.89,11.34,168,0,58.23,2.37,"Delta","database","media","success"
8.05,1.03,145,1,73.41,19.85,"Beta","auth","baja","success"
25.7,11.15,150,2,78.51,3.97,"Delta","api","media","success"
3.94,9.22,173,0,77.16,28.43,"Delta","ui","alta","rolled_back"
33.54,8.03,149,1,71.02,12.16,"Gamma","core","baja","success"
1.6,0.85,161,0,71.17,39.14,"Delta","database","baja","success"
5.3,15.7,167,0,55.92,7.67,"Delta","core","baja","success"
40.72,0.98,128,0,75.2,2.34,"Delta","auth","baja","success"
43.88,11.31,139,0,44.99,9.52,"Alpha","ui","alta","success"
15.02,12.7,141,0,93.23,7.18,"Gamma","ui","media","success"
29.43,8.23,151,1,58.23,24.55,"Beta","api","baja","success"
29.93,12.85,171,2,42.63,13.99,"Delta","ui","baja","success"
28.13,14.53,154,0,87.93,5.18,"Alpha","auth","alta","success"
39.84,16.78,167,0,87,7.97,"Alpha","ui","critica","success"
35.5,6.92,147,1,98.83,6.5,"Beta","auth","baja","failed"
14.74,13.13,158,0,69.07,2.94,"Beta","database","alta","success"
3.85,12.04,162,4,73.84,23.56,"Alpha","api","media","success"
20.91,5.38,165,0,94.76,28.21,"Gamma","database","critica","failed"
20.03,15.18,156,0,43.42,25.18,"Delta","database","media","success"
29.21,4.63,140,2,54.47,29.27,"Alpha","database","media","success"
33.89,11.76,167,2,44.72,25.89,"Gamma","ui","alta","rolled_back"
27.14,15.89,155,1,70.82,6.3,"Gamma","core","media","success"
21.63,1.65,129,1,61.5,5.8,"Gamma","api","media","failed"
11.04,18.57,151,1,79.26,55.84,"Alpha","database","baja","success"
21.23,9.7,142,5,69.69,91.09,"Alpha","core","media","success"
34.89,15.86,159,2,44.33,43.5,"Delta","database","media","success"
12.73,10.13,164,0,60.21,27.32,"Alpha","auth","media","success"
32.27,11.92,129,1,71.89,14.6,"Gamma","ui","media","success"
35.37,6.97,166,1,68.41,7.24,"Beta","auth","alta","success"
18.31,9.71,159,0,85.48,16.07,"Beta","database","baja","failed"
14.92,12.69,156,1,99.14,14.23,"Alpha","api","baja","success"
6.32,18.99,134,0,98.15,73.13,"Alpha","auth","baja","success"
22.38,15.34,167,1,47.79,56.75,"Delta","database","media","success"
33.55,0.62,157,4,87.77,8.87,"Gamma","ui","media","success"
24.02,17.32,131,0,51.55,10.93,"Beta","api","baja","failed"
41.66,16.87,160,2,90.73,14.7,"Gamma","core","critica","success"
2.13,7.85,130,1,87.34,9.21,"Gamma","api","critica","success"
41.36,8.95,136,2,99.36,15.04,"Gamma","database","media","success"
26.71,7.55,153,4,79.75,1.93,"Alpha","auth","media","success"
36.67,3.03,134,2,68.8,35.52,"Alpha","core","media","success"
20.36,3.64,161,1,76.34,29.97,"Delta","auth","critica","success"
15.18,16.07,154,0,77.29,50.04,"Gamma","ui","media","success"
19.28,16.68,154,2,99.55,21.61,"Beta","database","media","success"
14.45,3.69,146,0,92.83,21.98,"Beta","core","media","success"
6.73,12.43,129,1,60.39,0.11,"Gamma","database","baja","success"
13.61,12.87,183,0,64.97,7,"Alpha","auth","baja","success"
13.49,4.41,155,3,55.94,8.98,"Beta","auth","baja","success"
16.3,11.69,148,1,90.85,0.23,"Delta","auth","media","rolled_back"
2.3,16.06,155,1,95.66,0.37,"Gamma","ui","media","success"
34.6,11.34,128,3,46.7,9.34,"Alpha","api","critica","success"
20.95,4.85,150,1,44.23,24.63,"Alpha","database","alta","success"
27.65,1.12,158,1,94.05,38.91,"Delta","api","media","success"
6.06,13.97,166,0,55.59,4.04,"Beta","api","baja","success"
2.88,11.51,157,3,66.91,58.18,"Delta","ui","media","success"
9.53,18.67,162,1,87.81,9.02,"Gamma","api","baja","success"
2.87,6.56,168,0,54.81,2.73,"Beta","database","alta","success"
42.34,9.45,154,1,70.09,41.97,"Gamma","database","media","success"
22.85,5.2,149,1,53.11,44.12,"Delta","auth","baja","success"
36.41,16.38,156,1,83.59,9.92,"Beta","database","baja","success"
25.84,2.81,155,1,92.4,10.14,"Alpha","auth","media","failed"
6.28,6.38,151,2,86.14,15.18,"Beta","ui","baja","success"
1.96,2.98,142,2,92.21,24.87,"Delta","core","baja","success"
20.31,16.41,145,2,81.64,31.89,"Beta","core","alta","success"
10.51,4.38,142,1,59.51,4.25,"Gamma","database","media","success"
36.57,12.09,142,1,85.39,66.49,"Delta","ui","baja","success"
23.73,17.93,146,1,82.74,1.12,"Alpha","auth","media","success"
24.93,4.29,153,4,55.15,59.87,"Gamma","api","media","success"
41.87,15.25,182,1,99.16,5.45,"Alpha","ui","media","success"
4.81,8.69,162,1,64.37,15.83,"Gamma","ui","baja","success"
2.46,12.36,154,0,62.64,9.24,"Beta","database","baja","rolled_back"
25.77,17.52,130,1,80.52,14.44,"Gamma","database","baja","failed"
6.05,19.16,165,0,66.34,14.8,"Gamma","database","media","rolled_back"
12.94,4.79,164,2,87.69,11.91,"Alpha","database","media","rolled_back"
7.59,18.96,162,1,41.06,31.63,"Delta","core","media","success"
8.15,8.53,139,0,99.97,2.98,"Gamma","core","alta","failed"
26.28,16.43,135,2,73.55,11.54,"Gamma","core","baja","success"
4.05,4.81,149,1,82.68,8.64,"Gamma","ui","media","success"
28.89,2.81,153,0,56.33,35.09,"Gamma","ui","baja","success"
33.52,13.1,155,1,55,6.66,"Delta","ui","critica","success"
17.78,18.52,128,2,93.45,58.12,"Gamma","api","baja","success"
32.18,13.83,152,0,73.43,0.65,"Gamma","core","baja","success"
3.82,8.69,157,0,57.51,5.82,"Alpha","core","critica","success"
26.89,10.73,156,1,45.77,12.93,"Beta","api","media","success"
12.99,8.38,142,2,94,32.22,"Alpha","api","alta","success"
9.33,7.5,149,1,86.3,24.19,"Delta","core","critica","success"
14.01,12.08,150,1,91.7,19.32,"Gamma","database","alta","success"
27.77,1.06,146,1,78.15,55.27,"Alpha","ui","media","success"
19.76,10.74,156,1,56.51,21.26,"Delta","api","media","success"
29.17,8.41,165,1,80.52,34.41,"Alpha","ui","alta","failed"
42.72,6.56,163,0,90.76,3,"Gamma","core","media","success"
24.37,17.56,140,1,91.59,5.55,"Delta","core","alta","success"
12.34,15.19,143,1,96.86,6.37,"Alpha","auth","baja","success"
33.82,5.05,134,0,77.56,37.76,"Beta","api","critica","success"
24.57,6.64,154,0,86.99,4.05,"Alpha","api","critica","success"
7.43,19.49,161,0,59.75,5.73,"Alpha","core","baja","success"
11.95,6.08,143,1,98.18,3.99,"Gamma","auth","alta","success"
6.64,14.85,160,2,92.11,7.16,"Beta","api","alta","success"
6.17,8.29,159,0,93.6,17.66,"Gamma","api","media","success"
29.81,8.42,151,3,66.46,11.43,"Delta","core","media","success"
33.59,4.86,143,1,75.55,7.12,"Alpha","auth","critica","success"
20.95,18.78,125,1,46,4.05,"Delta","auth","media","success"
7.88,11.44,153,1,40.95,8.08,"Delta","database","baja","success"
38.06,18.09,140,1,76.59,64.61,"Beta","core","baja","success"
44.86,9.49,142,2,47.72,19.94,"Delta","auth","baja","success"
2.35,7.97,144,2,53.89,6.99,"Beta","ui","media","success"
24.85,7.98,140,1,55.8,17.43,"Beta","auth","media","rolled_back"
36.14,14.75,138,0,87.18,15.01,"Beta","core","baja","success"
24.3,13.73,144,0,50.11,8.44,"Gamma","auth","media","success"
12.23,17.53,143,0,97.23,188.12,"Gamma","api","critica","success"
22.1,1.16,138,0,95.77,35.97,"Delta","api","baja","success"
14.21,4.27,140,1,50.31,11.71,"Beta","ui","baja","success"
43.58,12.19,146,1,88.45,3.87,"Gamma","database","alta","success"
31.91,12.66,148,3,57.06,3.92,"Beta","core","baja","success"
33.98,16.42,142,1,59.01,10.83,"Delta","core","media","success"
2.09,9.79,144,2,48.45,1.18,"Delta","auth","media","success"
18.94,16.31,160,1,82.73,30.07,"Alpha","api","media","success"
21.24,4.04,166,2,45.37,19.42,"Delta","core","baja","success"
6.8,19.75,158,0,88.62,8.91,"Gamma","database","media","success"
12.69,19.53,165,4,55.62,8.27,"Beta","auth","baja","success"
8,5.59,140,0,86.94,21.05,"Delta","ui","critica","success"
19.64,11.09,142,0,40.96,2.72,"Beta","ui","media","success"
10.91,3.69,148,2,72.09,7.36,"Beta","ui","media","failed"
24.24,7.27,154,1,75.56,20.55,"Delta","ui","baja","success"
40.12,12.74,133,0,76.25,4.06,"Alpha","ui","alta","success"
23.97,15.29,160,0,78.23,19.46,"Delta","database","alta","success"
19.99,1.4,158,1,99.41,14.41,"Alpha","database","baja","success"
14.34,17.92,157,0,70.16,5.68,"Alpha","auth","baja","success"
11.26,17.8,144,1,78.16,2.79,"Delta","auth","baja","success"
3.81,15.99,135,0,79.26,10.09,"Gamma","auth","media","success"
35.68,3.38,119,1,50.47,62.28,"Alpha","core","baja","rolled_back"
43.18,17.51,127,2,84.43,0.15,"Alpha","auth","baja","success"
41.12,13.56,153,3,97.62,33.77,"Alpha","database","critica","success"
14.2,0.53,149,0,54.09,33.81,"Alpha","ui","baja","success"
12.1,7.67,157,1,63.21,24.25,"Alpha","api","alta","success"
14.89,11.06,143,1,84.83,10.06,"Alpha","api","baja","success"
15.78,0.67,147,1,44.7,8.33,"Alpha","api","alta","success"
28.24,8.46,144,1,80.42,4.38,"Delta","core","baja","success"
29.13,12.25,167,0,76.68,36.59,"Beta","database","baja","success"
6.2,5.01,173,2,65.81,20.86,"Beta","database","media","success"
23.17,3.13,144,1,92.5,8.49,"Gamma","auth","media","success"
3.57,16.72,140,3,91.61,1.82,"Delta","api","baja","success"
30.11,16.53,117,1,71.12,4.44,"Beta","database","baja","success"
43.02,6.92,129,1,89.63,23.99,"Gamma","ui","media","success"
43.12,0.64,148,3,76.19,9.82,"Beta","core","baja","success"
41.1,4.83,157,2,48.15,27.73,"Delta","auth","critica","failed"
22.2,9.23,157,1,60.66,11.37,"Beta","core","baja","success"
17.56,10.75,142,0,84.59,10.35,"Alpha","ui","baja","success"
18.44,3.35,156,2,74.64,66.51,"Delta","api","alta","success"
42.42,11.24,146,0,40.25,1.53,"Delta","database","media","success"
31.35,17.47,172,2,61.7,5.01,"Beta","api","baja","success"
19.64,19.05,148,2,50.68,20.38,"Gamma","database","media","success"
22.39,5.05,156,0,75.84,1.28,"Beta","ui","media","success"
34,4.59,158,0,48.02,19.14,"Gamma","ui","baja","success"
33.47,16.59,145,1,80.75,8.99,"Gamma","auth","media","success"
22,17.96,161,2,89.04,0.5,"Beta","core","baja","success"
19.4,6.74,144,2,86.75,3.87,"Beta","api","baja","success"
18.99,12.84,145,2,92.41,8.22,"Gamma","api","baja","success"
30.7,11.26,136,2,62.99,10,"Alpha","api","alta","success"
31.55,4.71,136,1,69.26,3.6,"Alpha","api","baja","success"
4.06,18.6,150,0,66.49,17.47,"Gamma","ui","baja","success"
21.52,15.01,134,1,51.11,121.53,"Alpha","core","media","success"
23.49,5.33,140,2,50.43,10,"Delta","core","alta","rolled_back"
8.34,9.03,133,1,87.78,15.64,"Gamma","api","media","success"
14.67,19.33,147,3,78.28,28.87,"Delta","auth","media","success"
10.21,15.12,139,0,69.22,8.66,"Alpha","ui","baja","failed"
6.59,16.84,159,0,58.18,63.51,"Beta","database","baja","success"
38.53,17.92,146,0,44,1.65,"Delta","api","media","success"
16.28,18.06,169,0,60.72,7.45,"Beta","auth","media","success"
4.19,17.2,152,2,90.21,27.83,"Gamma","database","baja","success"
29.56,0.74,131,3,73.41,93.63,"Alpha","database","media","success"
34.72,16.73,158,1,89.43,19.06,"Delta","api","alta","success"
24.85,8.95,156,0,42.12,4.17,"Alpha","core","media","success"
23.36,3.26,188,0,76.09,14.92,"Gamma","database","baja","success"
34.39,1.89,130,1,91.22,27.93,"Alpha","database","media","success"
40.04,1.61,153,0,94,9.16,"Alpha","core","alta","success"
37.46,15.64,155,1,47.49,25.66,"Beta","core","baja","rolled_back"
23.29,13.98,163,2,96.38,1.64,"Beta","database","critica","success"
36.14,17.84,137,1,86.59,21.28,"Delta","api","baja","rolled_back"
9.89,2.49,144,1,98.81,15.21,"Beta","core","media","success"
17.72,5.73,167,1,60.33,42.32,"Alpha","database","media","success"
19.21,8.13,154,3,91.23,14.05,"Alpha","api","media","success"
5.5,6.44,118,0,94.52,2.89,"Gamma","auth","baja","success"
1.59,15.61,165,0,96.29,9.23,"Delta","core","media","success"
18.45,1.52,136,2,81.11,11.99,"Delta","auth","media","success"
8.4,19.14,153,3,62.72,1.62,"Alpha","database","alta","success"
39.73,15.82,167,0,69.37,27.72,"Delta","database","media","success"
27.19,13.79,160,1,96.19,4.61,"Alpha","ui","baja","success"
21.15,18.6,150,3,68.98,1.97,"Alpha","api","baja","success"
24.67,8.63,142,0,49.68,1.01,"Gamma","auth","alta","success"
3.71,1.37,158,2,64.25,61.54,"Beta","auth","media","success"
34.27,17.13,136,1,97.89,38.16,"Beta","core","media","failed"
31.45,1.18,166,2,98.91,19.14,"Alpha","database","media","success"
7.07,1.8,126,0,61.16,17.83,"Gamma","database","alta","success"
28.08,17.54,155,0,96.19,7.79,"Alpha","api","baja","success"
29.76,6.18,148,0,46.2,29.54,"Gamma","api","baja","success"
16.48,18.27,138,0,68.67,11.59,"Gamma","database","baja","success"
31.47,3.98,140,1,51.1,16.73,"Alpha","ui","media","success"
26.24,13.08,140,0,59.97,53.06,"Gamma","api","baja","success"
13.54,11.15,164,3,66.86,0.56,"Alpha","api","media","failed"
41.28,12.12,139,1,58.42,10.61,"Gamma","api","baja","success"
3.5,6.3,121,2,42,22.61,"Alpha","auth","media","success"
40.78,5.71,150,0,47.33,33.8,"Alpha","api","media","success"
37.06,3.49,170,1,85.86,0.86,"Delta","ui","alta","success"
15.6,12.84,165,0,64.23,17.53,"Alpha","database","alta","success"
19.66,3.9,163,1,93.57,34.28,"Delta","database","baja","success"
23.44,6.85,137,0,70.6,18.39,"Beta","auth","media","success"
25.52,6.82,155,3,43.06,89.29,"Gamma","core","alta","success"
4.67,19.6,124,0,74.24,10.03,"Delta","auth","baja","success"
15.39,8.92,138,2,97.85,32.49,"Delta","core","alta","success"
11.65,6.87,130,2,41.19,64.38,"Delta","api","baja","success"
5.75,15.94,156,0,96.32,74.86,"Alpha","database","baja","success"
44.03,0.52,145,1,77.25,2.8,"Beta","database","alta","success"
16.39,7.97,128,2,61.93,13.87,"Beta","ui","media","success"
42.08,13.98,173,1,67.61,2.83,"Alpha","ui","media","success"
36.74,15.76,149,2,80.37,33.11,"Delta","auth","critica","success"
19.31,2.53,156,1,44.96,11.5,"Gamma","api","baja","rolled_back"
36.19,18.72,143,0,50.96,13.04,"Delta","ui","media","success"
12.13,16,145,1,50.99,4.77,"Beta","database","media","success"
35.36,9.15,147,1,58.39,5.99,"Beta","ui","media","success"
5.24,1.69,145,2,70.66,16.22,"Alpha","core","baja","success"
10.72,14.62,161,2,76.98,76.27,"Gamma","auth","media","success"
44.27,8.26,155,2,77.01,4.67,"Gamma","core","baja","success"
3.46,11.15,154,0,89.71,15.71,"Beta","api","baja","success"
25.23,13.21,139,2,47.79,0.14,"Gamma","api","baja","success"
30.81,13.78,132,1,54.73,9.39,"Gamma","api","critica","success"
13.52,8.73,169,1,47.57,69.62,"Delta","database","media","success"
22.94,16.71,142,0,64.23,34.06,"Beta","auth","baja","failed"
38.89,1,136,1,90.54,7.92,"Delta","core","media","failed"
22.59,19.73,170,0,83.35,17.14,"Delta","auth","critica","success"
7.41,2,161,1,63.25,10.59,"Alpha","core","baja","success"
15.3,6.88,144,2,77.31,12.84,"Gamma","api","media","success"
34.83,4.35,137,3,92.64,9.93,"Alpha","database","baja","success"
3.47,17.16,169,1,65.82,11.96,"Beta","database","media","success"
41.75,18.98,157,2,88.99,4.05,"Beta","database","baja","success"
31.21,2.81,153,2,57.86,21.86,"Alpha","api","baja","success"
19.63,9.27,182,0,68.62,21.47,"Alpha","core","media","success"
7.39,9.59,164,2,51.13,13.26,"Gamma","api","media","success"
41.81,18.03,143,2,43.84,8.87,"Beta","database","critica","failed"
11.57,2.71,153,3,50.03,90.47,"Gamma","core","baja","success"
33.66,11.64,152,1,73.04,3.51,"Beta","auth","baja","success"
1.85,18.06,140,0,83.58,5.12,"Alpha","ui","alta","success"
